category,Weekday_00-02,Weekday_02-04,Weekday_04-06,Weekday_06-08,Weekday_08-10,Weekday_10-12,Weekday_12-14,Weekday_14-16,Weekday_16-18,Weekday_18-20,Weekday_20-22,Weekday_22-24,Weekend_00-02,Weekend_02-04,Weekend_04-06,Weekend_06-08,Weekend_08-10,Weekend_10-12,Weekend_12-14,Weekend_14-16,Weekend_16-18,Weekend_18-20,Weekend_20-22,Weekend_22-24
Accessories Store,0.0000,0.0000,0.0000,0.0000,0.0000,0.0001,0.0000,0.0003,0.0004,0.0002,0.0001,0.0000,0.0000,0.0000,0.0000,0.0000,0.0000,0.0003,0.0003,0.0008,0.0007,0.0006,0.0002,0.0000
African Restaurant,0.0000,0.0000,0.0000,0.0000,0.0000,0.0000,0.0000,0.0000,0.0000,0.0000,0.0001,0.0000,0.0000,0.0000,0.0000,0.0000,0.0000,0.0000,0.0000,0.0000,0.0000,0.0000,0.0001,0.0000
Airport,0.0007,0.0000,0.0007,0.0003,0.0002,0.0008,0.0012,0.0017,0.0007,0.0005,0.0005,0.0004,0.0006,0.0000,0.0010,0.0015,0.0012,0.0008,0.0003,0.0006,0.0006,0.0007,0.0006,0.0006
Airport Gate,0.0000,0.0000,0.0000,0.0007,0.0009,0.0005,0.0007,0.0012,0.0009,0.0009,0.0003,0.0004,0.0000,0.0000,0.0000,0.0012,0.0010,0.0003,0.0002,0.0006,0.0005,0.0009,0.0006,0.0000
Airport Lounge,0.0000,0.0000,0.0000,0.0004,0.0006,0.0005,0.0004,0.0006,0.0008,0.0004,0.0002,0.0003,0.0000,0.0000,0.0049,0.0036,0.0005,0.0003,0.0003,0.0002,0.0002,0.0007,0.0002,0.0000
Airport Terminal,0.0011,0.0000,0.0041,0.0012,0.0028,0.0055,0.0029,0.0045,0.0027,0.0023,0.0024,0.0021,0.0013,0.0000,0.0058,0.0039,0.0047,0.0035,0.0026,0.0030,0.0021,0.0029,0.0015,0.0019
American Restaurant,0.0000,0.0000,0.0000,0.0001,0.0001,0.0005,0.0008,0.0003,0.0003,0.0004,0.0005,0.0004,0.0013,0.0000,0.0000,0.0006,0.0007,0.0002,0.0006,0.0006,0.0005,0.0011,0.0006,0.0013
Animal Shelter,0.0000,0.0000,0.0000,0.0000,0.0000,0.0001,0.0000,0.0000,0.0000,0.0000,0.0000,0.0000,0.0000,0.0000,0.0000,0.0000,0.0000,0.0000,0.0000,0.0001,0.0000,0.0000,0.0000,0.0002
Antique Shop,0.0000,0.0000,0.0000,0.0000,0.0000,0.0000,0.0000,0.0000,0.0002,0.0001,0.0000,0.0000,0.0000,0.0000,0.0000,0.0000,0.0000,0.0000,0.0002,0.0002,0.0002,0.0009,0.0001,0.0000
Aquarium,0.0000,0.0000,0.0000,0.0001,0.0000,0.0000,0.0002,0.0004,0.0004,0.0001,0.0000,0.0001,0.0000,0.0000,0.0000,0.0006,0.0003,0.0004,0.0007,0.0006,0.0004,0.0001,0.0001,0.0002
Arcade,0.0015,0.0000,0.0000,0.0005,0.0017,0.0055,0.0086,0.0135,0.0142,0.0132,0.0121,0.0092,0.0056,0.0029,0.0010,0.0003,0.0024,0.0081,0.0115,0.0151,0.0175,0.0155,0.0147,0.0127
Art Gallery,0.0000,0.0000,0.0054,0.0003,0.0006,0.0009,0.0016,0.0020,0.0018,0.0012,0.0005,0.0004,0.0000,0.0000,0.0019,0.0003,0.0010,0.0017,0.0026,0.0046,0.0046,0.0022,0.0010,0.0006
Art Museum,0.0004,0.0000,0.0020,0.0008,0.0001,0.0015,0.0025,0.0022,0.0014,0.0010,0.0001,0.0001,0.0000,0.0000,0.0000,0.0009,0.0016,0.0020,0.0022,0.0023,0.0014,0.0008,0.0002,0.0000
Arts & Crafts Store,0.0000,0.0000,0.0000,0.0000,0.0000,0.0008,0.0011,0.0012,0.0012,0.0009,0.0004,0.0001,0.0000,0.0000,0.0000,0.0003,0.0003,0.0008,0.0012,0.0015,0.0014,0.0011,0.0003,0.0000
Arts & Entertainment,0.0000,0.0000,0.0000,0.0000,0.0000,0.0000,0.0000,0.0000,0.0000,0.0000,0.0000,0.0001,0.0000,0.0000,0.0000,0.0000,0.0000,0.0000,0.0000,0.0000,0.0000,0.0000,0.0001,0.0000
Asian Restaurant,0.0004,0.0000,0.0000,0.0001,0.0000,0.0008,0.0016,0.0007,0.0003,0.0008,0.0010,0.0011,0.0000,0.0029,0.0000,0.0000,0.0001,0.0003,0.0016,0.0006,0.0007,0.0018,0.0022,0.0006
Assisted Living,0.0004,0.0000,0.0000,0.0000,0.0000,0.0002,0.0001,0.0000,0.0001,0.0001,0.0002,0.0000,0.0000,0.0000,0.0000,0.0000,0.0000,0.0000,0.0000,0.0000,0.0000,0.0001,0.0000,0.0002
Athletic & Sport,0.0000,0.0000,0.0000,0.0000,0.0000,0.0001,0.0000,0.0002,0.0001,0.0001,0.0000,0.0000,0.0000,0.0000,0.0000,0.0003,0.0000,0.0001,0.0001,0.0002,0.0001,0.0000,0.0000,0.0000
Athletics & Sports,0.0000,0.0000,0.0000,0.0000,0.0000,0.0000,0.0000,0.0000,0.0001,0.0000,0.0000,0.0000,0.0000,0.0000,0.0000,0.0000,0.0000,0.0000,0.0000,0.0000,0.0000,0.0000,0.0000,0.0000
Auditorium,0.0000,0.0000,0.0000,0.0000,0.0000,0.0001,0.0000,0.0000,0.0000,0.0000,0.0000,0.0000,0.0000,0.0000,0.0000,0.0000,0.0000,0.0000,0.0000,0.0000,0.0001,0.0000,0.0000,0.0000
Australian Restaurant,0.0000,0.0000,0.0000,0.0000,0.0000,0.0001,0.0001,0.0000,0.0001,0.0000,0.0000,0.0000,0.0000,0.0000,0.0000,0.0000,0.0001,0.0000,0.0002,0.0000,0.0001,0.0000,0.0000,0.0000
Automotive Shop,0.0000,0.0000,0.0034,0.0001,0.0002,0.0008,0.0009,0.0011,0.0008,0.0003,0.0001,0.0000,0.0006,0.0000,0.0010,0.0000,0.0004,0.0006,0.0013,0.0013,0.0008,0.0005,0.0002,0.0003
BBQ Joint,0.0004,0.0000,0.0000,0.0008,0.0002,0.0005,0.0017,0.0020,0.0009,0.0018,0.0036,0.0011,0.0006,0.0000,0.0010,0.0006,0.0003,0.0006,0.0021,0.0012,0.0021,0.0057,0.0054,0.0022
Bagel Shop,0.0000,0.0000,0.0000,0.0000,0.0001,0.0000,0.0002,0.0000,0.0001,0.0000,0.0000,0.0001,0.0000,0.0000,0.0000,0.0000,0.0000,0.0001,0.0000,0.0002,0.0000,0.0001,0.0002,0.0000
Bakery,0.0000,0.0000,0.0000,0.0018,0.0013,0.0008,0.0021,0.0012,0.0019,0.0016,0.0016,0.0007,0.0000,0.0000,0.0000,0.0006,0.0025,0.0020,0.0026,0.0027,0.0020,0.0022,0.0014,0.0003
Bank,0.0004,0.0000,0.0007,0.0003,0.0024,0.0070,0.0052,0.0060,0.0037,0.0015,0.0013,0.0006,0.0013,0.0029,0.0010,0.0003,0.0013,0.0013,0.0013,0.0013,0.0013,0.0009,0.0007,0.0003
Bar,0.0116,0.0159,0.0027,0.0003,0.0006,0.0011,0.0020,0.0010,0.0016,0.0030,0.0060,0.0081,0.0163,0.0560,0.0029,0.0018,0.0007,0.0008,0.0013,0.0023,0.0026,0.0059,0.0087,0.0111
Baseball Field,0.0004,0.0000,0.0000,0.0001,0.0001,0.0000,0.0002,0.0002,0.0005,0.0002,0.0001,0.0001,0.0000,0.0000,0.0000,0.0003,0.0001,0.0003,0.0005,0.0005,0.0003,0.0001,0.0001,0.0003
Baseball Stadium,0.0000,0.0000,0.0007,0.0001,0.0012,0.0005,0.0002,0.0006,0.0012,0.0007,0.0004,0.0001,0.0000,0.0000,0.0000,0.0006,0.0005,0.0009,0.0016,0.0009,0.0016,0.0008,0.0005,0.0002
Basketball Court,0.0000,0.0000,0.0000,0.0000,0.0000,0.0000,0.0000,0.0000,0.0000,0.0000,0.0000,0.0000,0.0000,0.0000,0.0000,0.0000,0.0000,0.0000,0.0000,0.0000,0.0000,0.0000,0.0000,0.0000
Basketball Stadium,0.0000,0.0000,0.0000,0.0000,0.0000,0.0000,0.0000,0.0000,0.0000,0.0000,0.0000,0.0000,0.0000,0.0000,0.0000,0.0000,0.0000,0.0000,0.0000,0.0000,0.0000,0.0000,0.0000,0.0000
Beach,0.0000,0.0000,0.0000,0.0001,0.0000,0.0000,0.0001,0.0001,0.0001,0.0000,0.0000,0.0000,0.0000,0.0000,0.0000,0.0006,0.0001,0.0002,0.0003,0.0001,0.0002,0.0001,0.0001,0.0000
Bed & Breakfast,0.0019,0.0026,0.0007,0.0000,0.0002,0.0003,0.0001,0.0000,0.0001,0.0000,0.0001,0.0002,0.0000,0.0029,0.0000,0.0006,0.0003,0.0000,0.0000,0.0001,0.0000,0.0001,0.0001,0.0003
Beer Garden,0.0000,0.0000,0.0000,0.0000,0.0000,0.0002,0.0005,0.0001,0.0002,0.0004,0.0006,0.0001,0.0006,0.0000,0.0000,0.0000,0.0001,0.0002,0.0010,0.0005,0.0012,0.0010,0.0006,0.0003
Bike Rental / Bike Share,0.0000,0.0000,0.0000,0.0001,0.0000,0.0000,0.0000,0.0000,0.0000,0.0001,0.0000,0.0000,0.0000,0.0000,0.0000,0.0000,0.0001,0.0000,0.0001,0.0000,0.0001,0.0000,0.0000,0.0000
Bike Shop,0.0000,0.0000,0.0007,0.0000,0.0002,0.0006,0.0013,0.0009,0.0013,0.0012,0.0004,0.0001,0.0006,0.0000,0.0010,0.0003,0.0004,0.0017,0.0020,0.0032,0.0023,0.0024,0.0003,0.0000
Board Shop,0.0000,0.0000,0.0000,0.0000,0.0000,0.0003,0.0000,0.0000,0.0000,0.0001,0.0000,0.0000,0.0000,0.0000,0.0000,0.0000,0.0000,0.0000,0.0000,0.0000,0.0001,0.0001,0.0000,0.0000
Boarding House,0.0000,0.0000,0.0007,0.0001,0.0000,0.0000,0.0000,0.0000,0.0001,0.0000,0.0000,0.0000,0.0000,0.0000,0.0000,0.0000,0.0000,0.0000,0.0000,0.0000,0.0000,0.0000,0.0000,0.0002
Boat or Ferry,0.0000,0.0000,0.0000,0.0000,0.0001,0.0008,0.0002,0.0010,0.0004,0.0002,0.0002,0.0000,0.0000,0.0000,0.0000,0.0006,0.0007,0.0003,0.0004,0.0012,0.0011,0.0004,0.0006,0.0000
Bookstore,0.0037,0.0026,0.0000,0.0004,0.0017,0.0100,0.0164,0.0185,0.0224,0.0218,0.0187,0.0054,0.0025,0.0000,0.0010,0.0003,0.0020,0.0091,0.0188,0.0232,0.0233,0.0245,0.0190,0.0046
Boutique,0.0000,0.0000,0.0000,0.0000,0.0000,0.0003,0.0003,0.0006,0.0007,0.0004,0.0003,0.0000,0.0000,0.0000,0.0000,0.0000,0.0000,0.0006,0.0008,0.0008,0.0012,0.0013,0.0004,0.0000
Bowling Alley,0.0022,0.0026,0.0000,0.0015,0.0004,0.0004,0.0007,0.0011,0.0011,0.0008,0.0014,0.0013,0.0019,0.0088,0.0029,0.0015,0.0017,0.0013,0.0017,0.0012,0.0015,0.0017,0.0023,0.0022
Brazilian Restaurant,0.0000,0.0000,0.0000,0.0000,0.0000,0.0000,0.0001,0.0000,0.0000,0.0001,0.0001,0.0000,0.0000,0.0000,0.0000,0.0000,0.0000,0.0000,0.0000,0.0001,0.0000,0.0003,0.0002,0.0000
Breakfast Spot,0.0000,0.0000,0.0000,0.0000,0.0004,0.0002,0.0002,0.0000,0.0000,0.0000,0.0001,0.0001,0.0000,0.0000,0.0000,0.0000,0.0001,0.0001,0.0002,0.0002,0.0001,0.0001,0.0001,0.0003
Brewery,0.0004,0.0000,0.0000,0.0000,0.0000,0.0000,0.0001,0.0000,0.0001,0.0001,0.0001,0.0004,0.0006,0.0000,0.0000,0.0000,0.0000,0.0000,0.0001,0.0001,0.0002,0.0003,0.0002,0.0008
Bridal Shop,0.0000,0.0000,0.0000,0.0000,0.0000,0.0001,0.0001,0.0000,0.0000,0.0000,0.0000,0.0000,0.0000,0.0000,0.0000,0.0000,0.0001,0.0002,0.0001,0.0000,0.0000,0.0000,0.0000,0.0000
Bridge,0.0755,0.0370,0.0292,0.0342,0.0241,0.0129,0.0120,0.0123,0.0189,0.0197,0.0188,0.0213,0.0450,0.0501,0.0165,0.0252,0.0224,0.0164,0.0157,0.0153,0.0155,0.0111,0.0123,0.0149
Building,0.0116,0.0079,0.0095,0.0104,0.0141,0.0109,0.0163,0.0098,0.0079,0.0067,0.0050,0.0071,0.0063,0.0147,0.0088,0.0058,0.0073,0.0073,0.0062,0.0058,0.0062,0.0053,0.0047,0.0040
Burger Joint,0.0000,0.0000,0.0000,0.0011,0.0008,0.0008,0.0016,0.0014,0.0013,0.0009,0.0015,0.0008,0.0000,0.0029,0.0000,0.0012,0.0014,0.0014,0.0015,0.0015,0.0011,0.0010,0.0014,0.0008
Burrito Place,0.0000,0.0000,0.0000,0.0000,0.0000,0.0000,0.0000,0.0000,0.0000,0.0000,0.0000,0.0000,0.0000,0.0000,0.0000,0.0000,0.0000,0.0000,0.0000,0.0000,0.0000,0.0000,0.0000,0.0000
Bus Line,0.0030,0.0026,0.0047,0.0033,0.0026,0.0013,0.0010,0.0010,0.0015,0.0022,0.0034,0.0037,0.0050,0.0059,0.0019,0.0024,0.0029,0.0014,0.0011,0.0013,0.0017,0.0015,0.0022,0.0041
Bus Station,0.0131,0.0026,0.0122,0.0308,0.0140,0.0140,0.0133,0.0093,0.0114,0.0130,0.0147,0.0151,0.0125,0.0147,0.0195,0.0282,0.0168,0.0111,0.0101,0.0086,0.0095,0.0107,0.0152,0.0157
Butcher,0.0011,0.0026,0.0000,0.0001,0.0006,0.0003,0.0002,0.0003,0.0002,0.0002,0.0001,0.0001,0.0000,0.0000,0.0000,0.0000,0.0001,0.0002,0.0003,0.0003,0.0005,0.0002,0.0004,0.0002
Cafeteria,0.0000,0.0000,0.0000,0.0000,0.0000,0.0008,0.0022,0.0000,0.0001,0.0001,0.0000,0.0000,0.0000,0.0000,0.0000,0.0003,0.0000,0.0002,0.0001,0.0000,0.0001,0.0001,0.0002,0.0002
Caf�,0.0011,0.0079,0.0014,0.0090,0.0047,0.0046,0.0086,0.0077,0.0062,0.0044,0.0052,0.0018,0.0069,0.0029,0.0019,0.0036,0.0058,0.0051,0.0067,0.0075,0.0096,0.0075,0.0051,0.0040
Caf��,0.0000,0.0026,0.0041,0.0003,0.0021,0.0043,0.0065,0.0060,0.0056,0.0035,0.0026,0.0015,0.0013,0.0029,0.0000,0.0027,0.0033,0.0051,0.0080,0.0095,0.0077,0.0054,0.0051,0.0030
Camera Store,0.0000,0.0000,0.0000,0.0000,0.0000,0.0003,0.0006,0.0006,0.0012,0.0006,0.0004,0.0001,0.0000,0.0000,0.0000,0.0000,0.0000,0.0007,0.0008,0.0016,0.0013,0.0015,0.0002,0.0000
Campaign Office,0.0000,0.0000,0.0000,0.0000,0.0000,0.0000,0.0000,0.0000,0.0000,0.0000,0.0000,0.0000,0.0000,0.0000,0.0000,0.0000,0.0000,0.0000,0.0000,0.0000,0.0000,0.0000,0.0000,0.0000
Campground,0.0000,0.0000,0.0000,0.0000,0.0000,0.0000,0.0000,0.0000,0.0000,0.0000,0.0000,0.0000,0.0000,0.0000,0.0000,0.0000,0.0001,0.0000,0.0001,0.0000,0.0000,0.0000,0.0000,0.0000
Candy Store,0.0000,0.0000,0.0000,0.0001,0.0000,0.0007,0.0006,0.0010,0.0008,0.0011,0.0005,0.0002,0.0000,0.0000,0.0000,0.0000,0.0003,0.0009,0.0007,0.0014,0.0010,0.0012,0.0003,0.0002
Capitol Building,0.0000,0.0000,0.0000,0.0000,0.0001,0.0003,0.0000,0.0003,0.0001,0.0001,0.0000,0.0000,0.0000,0.0000,0.0010,0.0000,0.0003,0.0002,0.0001,0.0002,0.0002,0.0002,0.0000,0.0000
Car Dealership,0.0000,0.0000,0.0000,0.0000,0.0000,0.0001,0.0000,0.0002,0.0001,0.0001,0.0002,0.0000,0.0000,0.0000,0.0000,0.0003,0.0004,0.0003,0.0002,0.0002,0.0002,0.0006,0.0001,0.0000
Car Wash,0.0000,0.0000,0.0000,0.0000,0.0000,0.0000,0.0000,0.0000,0.0000,0.0000,0.0000,0.0000,0.0000,0.0000,0.0000,0.0000,0.0000,0.0000,0.0000,0.0002,0.0001,0.0000,0.0000,0.0000
Caribbean Restaurant,0.0000,0.0000,0.0000,0.0000,0.0000,0.0000,0.0000,0.0000,0.0000,0.0000,0.0000,0.0000,0.0000,0.0000,0.0000,0.0000,0.0000,0.0000,0.0000,0.0000,0.0000,0.0000,0.0000,0.0000
Casino,0.0007,0.0000,0.0000,0.0001,0.0001,0.0003,0.0002,0.0001,0.0004,0.0003,0.0002,0.0001,0.0000,0.0000,0.0000,0.0000,0.0001,0.0001,0.0005,0.0004,0.0003,0.0003,0.0000,0.0003
Cemetery,0.0000,0.0000,0.0000,0.0001,0.0001,0.0003,0.0002,0.0003,0.0003,0.0002,0.0003,0.0001,0.0006,0.0029,0.0000,0.0000,0.0007,0.0005,0.0008,0.0008,0.0003,0.0003,0.0002,0.0006
Cheese Shop,0.0000,0.0000,0.0000,0.0000,0.0000,0.0000,0.0000,0.0000,0.0001,0.0003,0.0000,0.0000,0.0000,0.0000,0.0000,0.0000,0.0000,0.0000,0.0000,0.0001,0.0000,0.0001,0.0000,0.0000
Chinese Restaurant,0.0041,0.0132,0.0020,0.0003,0.0001,0.0052,0.0140,0.0038,0.0016,0.0053,0.0066,0.0049,0.0063,0.0118,0.0029,0.0009,0.0003,0.0031,0.0067,0.0035,0.0030,0.0079,0.0074,0.0035
Church,0.0000,0.0000,0.0000,0.0000,0.0002,0.0002,0.0001,0.0001,0.0000,0.0001,0.0002,0.0001,0.0000,0.0000,0.0000,0.0003,0.0013,0.0007,0.0003,0.0005,0.0002,0.0003,0.0001,0.0002
City,0.0000,0.0000,0.0000,0.0000,0.0000,0.0001,0.0000,0.0000,0.0000,0.0000,0.0000,0.0000,0.0000,0.0000,0.0000,0.0000,0.0001,0.0000,0.0001,0.0000,0.0000,0.0000,0.0000,0.0000
City Hall,0.0011,0.0000,0.0075,0.0010,0.0016,0.0026,0.0015,0.0022,0.0012,0.0007,0.0005,0.0006,0.0031,0.0029,0.0000,0.0021,0.0018,0.0009,0.0013,0.0007,0.0008,0.0006,0.0004,0.0005
Climbing Gym,0.0000,0.0000,0.0000,0.0000,0.0000,0.0000,0.0000,0.0000,0.0000,0.0000,0.0000,0.0000,0.0000,0.0000,0.0000,0.0000,0.0000,0.0000,0.0000,0.0000,0.0000,0.0000,0.0000,0.0000
Clothing Store,0.0000,0.0026,0.0000,0.0001,0.0002,0.0010,0.0024,0.0039,0.0049,0.0032,0.0017,0.0003,0.0000,0.0000,0.0000,0.0003,0.0004,0.0028,0.0037,0.0072,0.0090,0.0065,0.0043,0.0008
Cocktail Bar,0.0007,0.0000,0.0007,0.0000,0.0000,0.0001,0.0001,0.0000,0.0001,0.0002,0.0003,0.0006,0.0019,0.0059,0.0000,0.0000,0.0000,0.0000,0.0002,0.0001,0.0002,0.0002,0.0006,0.0008
Coffee Shop,0.0026,0.0053,0.0068,0.0106,0.0098,0.0115,0.0155,0.0156,0.0110,0.0065,0.0059,0.0033,0.0031,0.0000,0.0010,0.0067,0.0101,0.0077,0.0109,0.0127,0.0110,0.0093,0.0082,0.0030
College & University,0.0000,0.0000,0.0000,0.0001,0.0000,0.0001,0.0000,0.0000,0.0000,0.0000,0.0000,0.0000,0.0000,0.0000,0.0000,0.0006,0.0003,0.0001,0.0000,0.0000,0.0000,0.0000,0.0001,0.0000
College Academic Building,0.0015,0.0000,0.0007,0.0022,0.0033,0.0059,0.0042,0.0041,0.0036,0.0009,0.0009,0.0005,0.0006,0.0000,0.0000,0.0024,0.0020,0.0008,0.0017,0.0014,0.0006,0.0002,0.0003,0.0002
College Administrative Building,0.0000,0.0000,0.0000,0.0000,0.0002,0.0005,0.0006,0.0006,0.0003,0.0001,0.0002,0.0001,0.0000,0.0000,0.0000,0.0000,0.0003,0.0003,0.0002,0.0001,0.0001,0.0001,0.0000,0.0000
College Arts Building,0.0004,0.0000,0.0000,0.0000,0.0000,0.0006,0.0007,0.0000,0.0001,0.0001,0.0001,0.0001,0.0000,0.0000,0.0000,0.0003,0.0003,0.0005,0.0000,0.0001,0.0001,0.0002,0.0000,0.0000
College Auditorium,0.0000,0.0000,0.0000,0.0000,0.0002,0.0002,0.0001,0.0001,0.0001,0.0000,0.0001,0.0000,0.0000,0.0000,0.0000,0.0000,0.0001,0.0000,0.0002,0.0000,0.0000,0.0000,0.0001,0.0002
College Bookstore,0.0000,0.0000,0.0000,0.0000,0.0000,0.0007,0.0008,0.0006,0.0004,0.0001,0.0001,0.0000,0.0000,0.0000,0.0000,0.0000,0.0000,0.0001,0.0001,0.0002,0.0000,0.0001,0.0001,0.0000
College Cafeteria,0.0000,0.0000,0.0000,0.0003,0.0003,0.0031,0.0064,0.0011,0.0005,0.0004,0.0000,0.0000,0.0006,0.0000,0.0000,0.0006,0.0001,0.0002,0.0010,0.0002,0.0000,0.0001,0.0000,0.0000
College Classroom,0.0000,0.0000,0.0000,0.0001,0.0018,0.0029,0.0017,0.0014,0.0011,0.0016,0.0011,0.0008,0.0006,0.0000,0.0000,0.0000,0.0013,0.0009,0.0006,0.0001,0.0000,0.0012,0.0003,0.0003
College Communications Building,0.0000,0.0000,0.0000,0.0000,0.0000,0.0000,0.0001,0.0000,0.0000,0.0000,0.0000,0.0000,0.0000,0.0000,0.0000,0.0000,0.0001,0.0001,0.0001,0.0001,0.0000,0.0001,0.0000,0.0000
College Engineering Building,0.0000,0.0000,0.0000,0.0000,0.0003,0.0006,0.0005,0.0005,0.0002,0.0000,0.0000,0.0000,0.0000,0.0000,0.0000,0.0000,0.0000,0.0000,0.0002,0.0000,0.0000,0.0000,0.0002,0.0000
College Gym,0.0000,0.0000,0.0000,0.0001,0.0000,0.0003,0.0002,0.0001,0.0001,0.0003,0.0000,0.0001,0.0000,0.0000,0.0000,0.0000,0.0001,0.0002,0.0001,0.0002,0.0001,0.0001,0.0001,0.0000
College History Building,0.0000,0.0000,0.0000,0.0000,0.0000,0.0000,0.0000,0.0002,0.0001,0.0001,0.0000,0.0000,0.0000,0.0000,0.0000,0.0000,0.0000,0.0000,0.0000,0.0000,0.0000,0.0000,0.0000,0.0000
College Lab,0.0004,0.0000,0.0000,0.0000,0.0002,0.0006,0.0004,0.0005,0.0007,0.0004,0.0010,0.0013,0.0006,0.0000,0.0000,0.0000,0.0003,0.0002,0.0006,0.0003,0.0004,0.0001,0.0001,0.0002
College Library,0.0000,0.0000,0.0000,0.0000,0.0006,0.0017,0.0015,0.0012,0.0012,0.0004,0.0003,0.0002,0.0000,0.0000,0.0000,0.0003,0.0004,0.0004,0.0007,0.0004,0.0002,0.0001,0.0000,0.0005
College Math Building,0.0000,0.0000,0.0000,0.0000,0.0000,0.0002,0.0001,0.0001,0.0000,0.0000,0.0000,0.0000,0.0000,0.0000,0.0000,0.0000,0.0000,0.0000,0.0000,0.0000,0.0000,0.0000,0.0000,0.0000
College Quad,0.0000,0.0000,0.0000,0.0001,0.0004,0.0013,0.0008,0.0007,0.0006,0.0002,0.0002,0.0002,0.0000,0.0000,0.0000,0.0003,0.0003,0.0002,0.0002,0.0004,0.0002,0.0001,0.0003,0.0002
College Rec Center,0.0000,0.0000,0.0000,0.0000,0.0000,0.0004,0.0004,0.0002,0.0004,0.0001,0.0001,0.0001,0.0000,0.0000,0.0000,0.0000,0.0001,0.0002,0.0001,0.0002,0.0002,0.0002,0.0000,0.0000
College Residence Hall,0.0022,0.0000,0.0007,0.0001,0.0002,0.0001,0.0001,0.0001,0.0003,0.0001,0.0005,0.0010,0.0013,0.0029,0.0000,0.0000,0.0008,0.0000,0.0000,0.0000,0.0001,0.0002,0.0001,0.0013
College Science Building,0.0000,0.0000,0.0000,0.0000,0.0002,0.0003,0.0004,0.0004,0.0002,0.0000,0.0002,0.0001,0.0000,0.0000,0.0000,0.0000,0.0001,0.0001,0.0001,0.0001,0.0001,0.0002,0.0000,0.0002
College Stadium,0.0000,0.0000,0.0000,0.0000,0.0000,0.0001,0.0000,0.0000,0.0000,0.0000,0.0000,0.0000,0.0000,0.0000,0.0000,0.0000,0.0000,0.0002,0.0001,0.0001,0.0000,0.0000,0.0000,0.0000
College Technology Building,0.0000,0.0000,0.0007,0.0001,0.0003,0.0015,0.0009,0.0005,0.0003,0.0001,0.0002,0.0000,0.0000,0.0000,0.0000,0.0003,0.0001,0.0001,0.0001,0.0000,0.0001,0.0001,0.0001,0.0000
College Theater,0.0000,0.0000,0.0000,0.0000,0.0000,0.0000,0.0000,0.0000,0.0000,0.0000,0.0000,0.0000,0.0000,0.0000,0.0000,0.0000,0.0000,0.0000,0.0001,0.0000,0.0000,0.0000,0.0000,0.0000
College Track,0.0000,0.0000,0.0000,0.0000,0.0000,0.0001,0.0000,0.0000,0.0000,0.0000,0.0000,0.0000,0.0000,0.0000,0.0000,0.0000,0.0000,0.0001,0.0000,0.0000,0.0000,0.0000,0.0001,0.0000
Comedy Club,0.0007,0.0000,0.0000,0.0000,0.0000,0.0001,0.0000,0.0001,0.0001,0.0002,0.0001,0.0001,0.0000,0.0000,0.0000,0.0000,0.0000,0.0002,0.0003,0.0001,0.0003,0.0002,0.0001,0.0002
Community College,0.0000,0.0000,0.0000,0.0001,0.0006,0.0003,0.0006,0.0002,0.0002,0.0005,0.0002,0.0000,0.0000,0.0000,0.0000,0.0000,0.0001,0.0002,0.0003,0.0000,0.0001,0.0000,0.0000,0.0000
Concert Hall,0.0000,0.0026,0.0007,0.0003,0.0013,0.0009,0.0021,0.0016,0.0039,0.0032,0.0016,0.0007,0.0000,0.0000,0.0019,0.0052,0.0025,0.0039,0.0056,0.0079,0.0079,0.0042,0.0023,0.0021
Conference Room,0.0000,0.0000,0.0014,0.0001,0.0002,0.0001,0.0006,0.0005,0.0001,0.0002,0.0001,0.0000,0.0000,0.0000,0.0000,0.0000,0.0003,0.0002,0.0004,0.0001,0.0000,0.0000,0.0000,0.0002
Convenience Store,0.0740,0.1720,0.0692,0.0510,0.0400,0.0292,0.0285,0.0263,0.0236,0.0267,0.0344,0.0399,0.0694,0.0767,0.0399,0.0464,0.0333,0.0185,0.0197,0.0152,0.0153,0.0185,0.0252,0.0392
Convention,0.0000,0.0000,0.0000,0.0000,0.0000,0.0000,0.0000,0.0000,0.0000,0.0000,0.0000,0.0000,0.0000,0.0029,0.0000,0.0000,0.0001,0.0000,0.0000,0.0000,0.0000,0.0000,0.0000,0.0000
Convention Center,0.0004,0.0053,0.0034,0.0015,0.0029,0.0067,0.0049,0.0045,0.0022,0.0010,0.0005,0.0005,0.0000,0.0059,0.0165,0.0215,0.0242,0.0148,0.0122,0.0088,0.0044,0.0019,0.0009,0.0008
Cosmetics Shop,0.0000,0.0000,0.0000,0.0000,0.0000,0.0000,0.0001,0.0003,0.0002,0.0002,0.0002,0.0000,0.0000,0.0000,0.0000,0.0000,0.0000,0.0004,0.0004,0.0004,0.0003,0.0003,0.0002,0.0000
Courthouse,0.0000,0.0000,0.0000,0.0002,0.0001,0.0003,0.0001,0.0001,0.0000,0.0000,0.0000,0.0000,0.0000,0.0000,0.0000,0.0000,0.0001,0.0000,0.0000,0.0000,0.0000,0.0000,0.0000,0.0000
Coworking Space,0.0000,0.0000,0.0027,0.0003,0.0007,0.0010,0.0012,0.0004,0.0009,0.0004,0.0002,0.0005,0.0006,0.0000,0.0010,0.0003,0.0009,0.0004,0.0004,0.0006,0.0005,0.0005,0.0001,0.0005
Credit Union,0.0000,0.0000,0.0000,0.0000,0.0000,0.0000,0.0000,0.0000,0.0000,0.0000,0.0000,0.0000,0.0000,0.0000,0.0000,0.0000,0.0000,0.0000,0.0000,0.0000,0.0000,0.0000,0.0000,0.0000
Cupcake Shop,0.0007,0.0000,0.0000,0.0000,0.0000,0.0000,0.0000,0.0001,0.0000,0.0001,0.0001,0.0000,0.0000,0.0000,0.0000,0.0000,0.0000,0.0000,0.0000,0.0001,0.0000,0.0002,0.0001,0.0002
Dance Studio,0.0000,0.0000,0.0000,0.0000,0.0000,0.0000,0.0000,0.0000,0.0000,0.0001,0.0000,0.0000,0.0000,0.0000,0.0000,0.0003,0.0000,0.0000,0.0000,0.0000,0.0001,0.0000,0.0000,0.0000
Daycare,0.0000,0.0000,0.0000,0.0001,0.0001,0.0003,0.0000,0.0001,0.0002,0.0002,0.0001,0.0000,0.0006,0.0000,0.0010,0.0003,0.0004,0.0002,0.0001,0.0002,0.0001,0.0001,0.0000,0.0000
Deli / Bodega,0.0011,0.0000,0.0014,0.0036,0.0007,0.0011,0.0027,0.0012,0.0014,0.0028,0.0020,0.0004,0.0019,0.0000,0.0000,0.0009,0.0008,0.0020,0.0009,0.0012,0.0010,0.0016,0.0011,0.0005
Dentist's Office,0.0000,0.0026,0.0007,0.0002,0.0002,0.0008,0.0002,0.0004,0.0003,0.0003,0.0003,0.0001,0.0000,0.0029,0.0019,0.0006,0.0009,0.0017,0.0007,0.0006,0.0005,0.0002,0.0000,0.0002
Department Store,0.0007,0.0000,0.0007,0.0004,0.0005,0.0055,0.0068,0.0106,0.0099,0.0081,0.0069,0.0020,0.0019,0.0059,0.0000,0.0009,0.0013,0.0090,0.0083,0.0115,0.0128,0.0128,0.0069,0.0022
Design Studio,0.0000,0.0000,0.0000,0.0000,0.0000,0.0001,0.0001,0.0001,0.0002,0.0001,0.0001,0.0001,0.0000,0.0000,0.0000,0.0000,0.0001,0.0002,0.0001,0.0002,0.0003,0.0003,0.0004,0.0000
Dessert Shop,0.0000,0.0000,0.0000,0.0000,0.0002,0.0012,0.0012,0.0019,0.0015,0.0011,0.0010,0.0001,0.0000,0.0000,0.0000,0.0003,0.0003,0.0015,0.0024,0.0041,0.0035,0.0028,0.0016,0.0006
Dim Sum Restaurant,0.0000,0.0000,0.0000,0.0021,0.0000,0.0000,0.0002,0.0002,0.0007,0.0014,0.0001,0.0001,0.0000,0.0000,0.0000,0.0000,0.0000,0.0006,0.0000,0.0004,0.0002,0.0000,0.0001,0.0000
Diner,0.0022,0.0000,0.0014,0.0006,0.0007,0.0011,0.0052,0.0024,0.0009,0.0017,0.0024,0.0020,0.0044,0.0206,0.0010,0.0021,0.0013,0.0025,0.0029,0.0021,0.0019,0.0029,0.0038,0.0017
Dive Bar,0.0000,0.0000,0.0000,0.0000,0.0000,0.0001,0.0000,0.0000,0.0000,0.0000,0.0000,0.0001,0.0000,0.0029,0.0000,0.0000,0.0000,0.0000,0.0000,0.0000,0.0000,0.0000,0.0001,0.0000
Doctor's Office,0.0011,0.0079,0.0000,0.0001,0.0009,0.0035,0.0004,0.0009,0.0010,0.0009,0.0004,0.0001,0.0006,0.0000,0.0019,0.0003,0.0014,0.0016,0.0009,0.0007,0.0005,0.0003,0.0002,0.0002
Dog Run,0.0000,0.0000,0.0000,0.0000,0.0000,0.0000,0.0001,0.0000,0.0001,0.0001,0.0003,0.0004,0.0006,0.0000,0.0000,0.0000,0.0003,0.0002,0.0002,0.0002,0.0002,0.0002,0.0003,0.0005
Donut Shop,0.0004,0.0000,0.0000,0.0000,0.0002,0.0004,0.0006,0.0010,0.0011,0.0008,0.0009,0.0004,0.0000,0.0000,0.0000,0.0000,0.0005,0.0009,0.0007,0.0015,0.0017,0.0014,0.0009,0.0006
Drugstore / Pharmacy,0.0004,0.0026,0.0007,0.0006,0.0025,0.0045,0.0040,0.0029,0.0030,0.0055,0.0060,0.0028,0.0013,0.0059,0.0019,0.0018,0.0016,0.0038,0.0030,0.0023,0.0029,0.0041,0.0036,0.0024
Dumpling Restaurant,0.0004,0.0000,0.0000,0.0001,0.0000,0.0004,0.0010,0.0006,0.0004,0.0010,0.0017,0.0008,0.0000,0.0000,0.0000,0.0000,0.0004,0.0004,0.0013,0.0003,0.0006,0.0013,0.0018,0.0011
Eastern European Restaurant,0.0000,0.0000,0.0000,0.0000,0.0000,0.0000,0.0000,0.0000,0.0000,0.0001,0.0000,0.0000,0.0000,0.0000,0.0000,0.0000,0.0000,0.0000,0.0000,0.0000,0.0000,0.0000,0.0000,0.0000
Electronics Store,0.0004,0.0026,0.0007,0.0004,0.0015,0.0180,0.0244,0.0330,0.0321,0.0356,0.0208,0.0020,0.0006,0.0029,0.0010,0.0024,0.0043,0.0214,0.0308,0.0410,0.0444,0.0405,0.0256,0.0017
Elementary School,0.0000,0.0000,0.0014,0.0001,0.0002,0.0003,0.0001,0.0006,0.0002,0.0001,0.0000,0.0000,0.0013,0.0000,0.0000,0.0003,0.0005,0.0009,0.0005,0.0006,0.0004,0.0002,0.0000,0.0003
Embassy / Consulate,0.0000,0.0000,0.0000,0.0001,0.0003,0.0005,0.0002,0.0003,0.0005,0.0001,0.0003,0.0002,0.0019,0.0000,0.0000,0.0009,0.0001,0.0006,0.0002,0.0004,0.0002,0.0001,0.0000,0.0003
Emergency Room,0.0000,0.0000,0.0000,0.0000,0.0000,0.0000,0.0000,0.0000,0.0000,0.0000,0.0000,0.0000,0.0000,0.0000,0.0000,0.0000,0.0000,0.0000,0.0000,0.0000,0.0000,0.0001,0.0000,0.0000
Event Space,0.0019,0.0000,0.0000,0.0005,0.0026,0.0040,0.0035,0.0044,0.0034,0.0033,0.0024,0.0015,0.0006,0.0029,0.0010,0.0033,0.0059,0.0091,0.0105,0.0092,0.0071,0.0042,0.0018,0.0019
Factory,0.0004,0.0000,0.0000,0.0034,0.0003,0.0012,0.0005,0.0016,0.0018,0.0017,0.0002,0.0000,0.0013,0.0000,0.0000,0.0000,0.0003,0.0017,0.0001,0.0005,0.0004,0.0001,0.0002,0.0002
Fair,0.0000,0.0000,0.0000,0.0000,0.0001,0.0002,0.0003,0.0003,0.0001,0.0001,0.0000,0.0000,0.0000,0.0000,0.0019,0.0012,0.0008,0.0009,0.0002,0.0004,0.0006,0.0002,0.0002,0.0000
Falafel Restaurant,0.0000,0.0000,0.0000,0.0000,0.0000,0.0000,0.0000,0.0000,0.0000,0.0000,0.0000,0.0000,0.0000,0.0000,0.0000,0.0000,0.0000,0.0000,0.0000,0.0000,0.0000,0.0001,0.0000,0.0000
Farm,0.0011,0.0026,0.0000,0.0003,0.0001,0.0000,0.0000,0.0000,0.0000,0.0000,0.0000,0.0000,0.0000,0.0029,0.0000,0.0000,0.0004,0.0001,0.0001,0.0000,0.0000,0.0000,0.0000,0.0002
Farmers Market,0.0000,0.0000,0.0000,0.0001,0.0000,0.0001,0.0002,0.0004,0.0003,0.0004,0.0003,0.0005,0.0000,0.0000,0.0000,0.0003,0.0003,0.0004,0.0003,0.0004,0.0005,0.0003,0.0002,0.0002
Fast Food Restaurant,0.0086,0.0132,0.0149,0.0053,0.0057,0.0109,0.0176,0.0113,0.0079,0.0074,0.0089,0.0102,0.0106,0.0206,0.0195,0.0203,0.0144,0.0092,0.0125,0.0117,0.0084,0.0084,0.0105,0.0116
Ferry,0.0000,0.0000,0.0000,0.0000,0.0000,0.0000,0.0000,0.0000,0.0000,0.0000,0.0000,0.0000,0.0000,0.0000,0.0000,0.0000,0.0000,0.0000,0.0001,0.0000,0.0001,0.0001,0.0000,0.0000
Festival,0.0000,0.0000,0.0000,0.0000,0.0000,0.0000,0.0000,0.0000,0.0000,0.0000,0.0000,0.0000,0.0000,0.0000,0.0000,0.0000,0.0000,0.0000,0.0000,0.0000,0.0000,0.0001,0.0000,0.0000
Field,0.0000,0.0000,0.0007,0.0006,0.0001,0.0003,0.0003,0.0006,0.0007,0.0009,0.0017,0.0006,0.0000,0.0000,0.0010,0.0009,0.0014,0.0012,0.0008,0.0018,0.0008,0.0009,0.0012,0.0006
Financial or Legal Service,0.0000,0.0000,0.0000,0.0000,0.0000,0.0001,0.0000,0.0000,0.0001,0.0000,0.0000,0.0000,0.0000,0.0000,0.0000,0.0000,0.0000,0.0000,0.0000,0.0000,0.0000,0.0000,0.0000,0.0000
Fire Station,0.0004,0.0000,0.0000,0.0000,0.0002,0.0004,0.0003,0.0002,0.0001,0.0001,0.0001,0.0001,0.0019,0.0059,0.0010,0.0000,0.0001,0.0002,0.0001,0.0000,0.0000,0.0001,0.0001,0.0000
Fish & Chips Shop,0.0004,0.0000,0.0000,0.0000,0.0000,0.0000,0.0000,0.0000,0.0000,0.0000,0.0000,0.0001,0.0000,0.0000,0.0000,0.0000,0.0000,0.0000,0.0000,0.0000,0.0000,0.0002,0.0001,0.0002
Fish Market,0.0007,0.0000,0.0014,0.0004,0.0001,0.0003,0.0001,0.0002,0.0002,0.0003,0.0001,0.0001,0.0000,0.0000,0.0000,0.0006,0.0007,0.0008,0.0007,0.0001,0.0002,0.0000,0.0000,0.0000
Flea Market,0.0000,0.0000,0.0000,0.0000,0.0000,0.0000,0.0000,0.0000,0.0001,0.0000,0.0000,0.0000,0.0000,0.0000,0.0000,0.0000,0.0000,0.0000,0.0000,0.0000,0.0000,0.0001,0.0000,0.0000
Flower Shop,0.0019,0.0079,0.0000,0.0004,0.0003,0.0001,0.0001,0.0003,0.0002,0.0002,0.0002,0.0007,0.0006,0.0029,0.0000,0.0000,0.0004,0.0005,0.0003,0.0004,0.0003,0.0003,0.0002,0.0005
Food,0.0007,0.0000,0.0000,0.0000,0.0000,0.0003,0.0006,0.0001,0.0001,0.0002,0.0003,0.0004,0.0006,0.0000,0.0000,0.0003,0.0001,0.0004,0.0003,0.0002,0.0003,0.0006,0.0007,0.0003
Food & Drink Shop,0.0011,0.0053,0.0081,0.0029,0.0035,0.0013,0.0018,0.0020,0.0020,0.0017,0.0018,0.0019,0.0013,0.0000,0.0010,0.0030,0.0010,0.0022,0.0024,0.0027,0.0032,0.0023,0.0018,0.0010
Food Court,0.0000,0.0000,0.0000,0.0000,0.0001,0.0005,0.0019,0.0008,0.0002,0.0002,0.0003,0.0001,0.0006,0.0000,0.0000,0.0003,0.0003,0.0005,0.0010,0.0009,0.0010,0.0009,0.0009,0.0002
Food Truck,0.0000,0.0000,0.0000,0.0000,0.0000,0.0004,0.0005,0.0001,0.0002,0.0001,0.0002,0.0001,0.0000,0.0000,0.0000,0.0000,0.0000,0.0001,0.0001,0.0001,0.0002,0.0001,0.0001,0.0000
Football Stadium,0.0000,0.0000,0.0000,0.0000,0.0001,0.0001,0.0001,0.0000,0.0000,0.0001,0.0003,0.0001,0.0000,0.0000,0.0000,0.0003,0.0000,0.0002,0.0002,0.0002,0.0000,0.0000,0.0001,0.0000
Fraternity House,0.0000,0.0000,0.0000,0.0000,0.0000,0.0000,0.0000,0.0000,0.0000,0.0000,0.0000,0.0001,0.0000,0.0000,0.0000,0.0000,0.0000,0.0000,0.0000,0.0001,0.0000,0.0000,0.0000,0.0000
French Restaurant,0.0007,0.0000,0.0000,0.0000,0.0001,0.0003,0.0008,0.0003,0.0003,0.0003,0.0008,0.0005,0.0000,0.0029,0.0000,0.0000,0.0000,0.0005,0.0005,0.0005,0.0004,0.0010,0.0008,0.0000
Fried Chicken Joint,0.0000,0.0000,0.0000,0.0001,0.0001,0.0003,0.0006,0.0002,0.0005,0.0005,0.0007,0.0003,0.0000,0.0000,0.0010,0.0000,0.0001,0.0006,0.0009,0.0007,0.0007,0.0009,0.0007,0.0003
Funeral Home,0.0000,0.0000,0.0000,0.0000,0.0001,0.0001,0.0000,0.0000,0.0001,0.0000,0.0000,0.0001,0.0000,0.0000,0.0000,0.0003,0.0001,0.0002,0.0002,0.0000,0.0001,0.0001,0.0000,0.0003
Furniture / Home Store,0.0000,0.0000,0.0007,0.0005,0.0001,0.0015,0.0028,0.0031,0.0026,0.0022,0.0018,0.0001,0.0000,0.0000,0.0000,0.0009,0.0003,0.0031,0.0023,0.0044,0.0048,0.0044,0.0021,0.0002
Gaming Cafe,0.0004,0.0000,0.0000,0.0000,0.0000,0.0000,0.0001,0.0003,0.0002,0.0002,0.0003,0.0002,0.0000,0.0000,0.0010,0.0000,0.0001,0.0001,0.0004,0.0004,0.0004,0.0003,0.0002,0.0008
Garden,0.0000,0.0026,0.0014,0.0005,0.0013,0.0012,0.0012,0.0015,0.0006,0.0005,0.0002,0.0000,0.0013,0.0000,0.0000,0.0006,0.0007,0.0013,0.0016,0.0018,0.0007,0.0005,0.0001,0.0005
Garden Center,0.0000,0.0000,0.0000,0.0000,0.0005,0.0002,0.0000,0.0000,0.0000,0.0000,0.0000,0.0000,0.0000,0.0000,0.0000,0.0000,0.0000,0.0000,0.0001,0.0000,0.0001,0.0000,0.0000,0.0000
Gas Station / Garage,0.0019,0.0026,0.0027,0.0010,0.0009,0.0017,0.0007,0.0016,0.0018,0.0010,0.0012,0.0011,0.0025,0.0118,0.0049,0.0033,0.0012,0.0017,0.0010,0.0017,0.0007,0.0015,0.0009,0.0008
Gastropub,0.0000,0.0000,0.0000,0.0000,0.0001,0.0003,0.0005,0.0000,0.0000,0.0001,0.0002,0.0001,0.0000,0.0000,0.0000,0.0000,0.0000,0.0000,0.0002,0.0000,0.0002,0.0004,0.0000,0.0005
Gay Bar,0.0019,0.0079,0.0000,0.0003,0.0005,0.0001,0.0004,0.0003,0.0009,0.0003,0.0005,0.0018,0.0000,0.0059,0.0010,0.0003,0.0001,0.0013,0.0003,0.0003,0.0004,0.0005,0.0010,0.0019
General College & University,0.0004,0.0000,0.0007,0.0008,0.0014,0.0019,0.0021,0.0019,0.0009,0.0005,0.0006,0.0009,0.0000,0.0000,0.0000,0.0003,0.0010,0.0012,0.0015,0.0007,0.0007,0.0005,0.0004,0.0006
General Entertainment,0.0007,0.0026,0.0007,0.0003,0.0008,0.0019,0.0021,0.0028,0.0018,0.0015,0.0011,0.0008,0.0025,0.0000,0.0000,0.0036,0.0034,0.0055,0.0041,0.0040,0.0026,0.0024,0.0017,0.0016
General Travel,0.0004,0.0000,0.0027,0.0012,0.0018,0.0021,0.0013,0.0016,0.0017,0.0013,0.0009,0.0020,0.0000,0.0029,0.0010,0.0018,0.0021,0.0013,0.0008,0.0015,0.0009,0.0016,0.0015,0.0006
German Restaurant,0.0000,0.0000,0.0000,0.0000,0.0000,0.0002,0.0002,0.0000,0.0000,0.0002,0.0003,0.0006,0.0000,0.0000,0.0000,0.0000,0.0000,0.0000,0.0003,0.0002,0.0001,0.0003,0.0006,0.0003
Gift Shop,0.0000,0.0000,0.0014,0.0010,0.0008,0.0014,0.0014,0.0021,0.0016,0.0013,0.0012,0.0008,0.0000,0.0000,0.0000,0.0009,0.0013,0.0016,0.0015,0.0028,0.0024,0.0025,0.0018,0.0002
Golf Course,0.0000,0.0000,0.0000,0.0000,0.0000,0.0000,0.0000,0.0000,0.0001,0.0000,0.0001,0.0000,0.0000,0.0000,0.0000,0.0003,0.0003,0.0001,0.0000,0.0000,0.0002,0.0001,0.0001,0.0002
Gourmet Shop,0.0000,0.0000,0.0000,0.0001,0.0000,0.0001,0.0003,0.0002,0.0003,0.0003,0.0002,0.0000,0.0000,0.0000,0.0000,0.0000,0.0003,0.0001,0.0003,0.0005,0.0004,0.0005,0.0002,0.0000
Government Building,0.0022,0.0026,0.0007,0.0029,0.0031,0.0049,0.0034,0.0040,0.0026,0.0011,0.0008,0.0007,0.0006,0.0059,0.0000,0.0009,0.0033,0.0009,0.0011,0.0015,0.0010,0.0007,0.0002,0.0017
Grocery Store,0.0325,0.0159,0.0156,0.0067,0.0067,0.0103,0.0092,0.0084,0.0123,0.0165,0.0201,0.0217,0.0081,0.0177,0.0165,0.0076,0.0090,0.0125,0.0106,0.0127,0.0147,0.0214,0.0192,0.0179
Gym,0.0000,0.0000,0.0007,0.0005,0.0002,0.0003,0.0005,0.0003,0.0005,0.0003,0.0009,0.0005,0.0000,0.0000,0.0000,0.0006,0.0018,0.0017,0.0008,0.0014,0.0007,0.0008,0.0010,0.0002
Gym / Fitness Center,0.0004,0.0000,0.0000,0.0001,0.0001,0.0002,0.0003,0.0003,0.0002,0.0004,0.0008,0.0007,0.0000,0.0029,0.0000,0.0003,0.0010,0.0007,0.0006,0.0004,0.0010,0.0009,0.0003,0.0003
Gym Pool,0.0004,0.0000,0.0007,0.0001,0.0002,0.0001,0.0001,0.0002,0.0003,0.0003,0.0002,0.0001,0.0013,0.0029,0.0000,0.0003,0.0005,0.0004,0.0002,0.0006,0.0002,0.0004,0.0003,0.0000
Harbor / Marina,0.0004,0.0000,0.0000,0.0004,0.0000,0.0000,0.0001,0.0000,0.0001,0.0000,0.0001,0.0002,0.0000,0.0000,0.0000,0.0003,0.0005,0.0002,0.0000,0.0001,0.0002,0.0001,0.0000,0.0000
Hardware Store,0.0000,0.0000,0.0000,0.0000,0.0001,0.0016,0.0008,0.0019,0.0019,0.0019,0.0003,0.0000,0.0000,0.0000,0.0000,0.0000,0.0003,0.0015,0.0016,0.0035,0.0035,0.0015,0.0005,0.0000
High School,0.0022,0.0000,0.0095,0.0013,0.0049,0.0021,0.0013,0.0015,0.0009,0.0003,0.0008,0.0010,0.0000,0.0000,0.0010,0.0030,0.0037,0.0011,0.0007,0.0010,0.0005,0.0005,0.0001,0.0005
Hiking Trail,0.0041,0.0000,0.0020,0.0009,0.0011,0.0010,0.0010,0.0009,0.0008,0.0005,0.0009,0.0020,0.0013,0.0000,0.0000,0.0015,0.0012,0.0007,0.0020,0.0017,0.0012,0.0004,0.0006,0.0005
Historic Site,0.0030,0.0053,0.0088,0.0025,0.0092,0.0068,0.0021,0.0042,0.0025,0.0021,0.0022,0.0020,0.0013,0.0000,0.0000,0.0027,0.0020,0.0038,0.0024,0.0029,0.0021,0.0014,0.0012,0.0008
History Museum,0.0015,0.0000,0.0061,0.0003,0.0002,0.0003,0.0007,0.0007,0.0004,0.0002,0.0002,0.0001,0.0000,0.0000,0.0039,0.0003,0.0001,0.0011,0.0007,0.0009,0.0006,0.0002,0.0002,0.0000
Hobby Shop,0.0000,0.0000,0.0000,0.0001,0.0005,0.0082,0.0106,0.0164,0.0178,0.0139,0.0091,0.0015,0.0013,0.0000,0.0010,0.0009,0.0018,0.0133,0.0161,0.0212,0.0230,0.0215,0.0105,0.0010
Home (private),0.0202,0.0238,0.0027,0.0044,0.0018,0.0027,0.0020,0.0026,0.0040,0.0042,0.0059,0.0104,0.0244,0.0265,0.0039,0.0058,0.0026,0.0044,0.0015,0.0021,0.0025,0.0034,0.0055,0.0092
Hookah Bar,0.0000,0.0000,0.0020,0.0000,0.0002,0.0003,0.0000,0.0002,0.0003,0.0001,0.0000,0.0000,0.0000,0.0000,0.0000,0.0000,0.0000,0.0000,0.0001,0.0000,0.0000,0.0002,0.0000,0.0000
Hospital,0.0000,0.0079,0.0054,0.0008,0.0027,0.0049,0.0029,0.0032,0.0020,0.0016,0.0010,0.0006,0.0013,0.0059,0.0010,0.0021,0.0022,0.0036,0.0020,0.0012,0.0008,0.0012,0.0007,0.0006
Hostel,0.0004,0.0000,0.0000,0.0001,0.0000,0.0001,0.0000,0.0000,0.0000,0.0001,0.0000,0.0001,0.0006,0.0000,0.0000,0.0000,0.0001,0.0000,0.0000,0.0000,0.0001,0.0001,0.0000,0.0003
Hot Dog Joint,0.0000,0.0000,0.0000,0.0000,0.0000,0.0000,0.0000,0.0000,0.0001,0.0000,0.0000,0.0002,0.0006,0.0000,0.0000,0.0000,0.0000,0.0000,0.0000,0.0000,0.0001,0.0001,0.0002,0.0005
Hot Spring,0.0000,0.0000,0.0007,0.0001,0.0000,0.0003,0.0001,0.0005,0.0003,0.0003,0.0003,0.0009,0.0000,0.0000,0.0039,0.0003,0.0000,0.0003,0.0001,0.0001,0.0001,0.0003,0.0006,0.0011
Hotel,0.0123,0.0212,0.0020,0.0022,0.0024,0.0040,0.0025,0.0028,0.0029,0.0022,0.0030,0.0060,0.0200,0.0059,0.0088,0.0064,0.0054,0.0037,0.0023,0.0031,0.0030,0.0029,0.0052,0.0094
Hotel Bar,0.0000,0.0000,0.0000,0.0000,0.0000,0.0000,0.0000,0.0000,0.0001,0.0000,0.0000,0.0001,0.0000,0.0000,0.0010,0.0000,0.0000,0.0001,0.0000,0.0000,0.0000,0.0001,0.0000,0.0000
Hotel Pool,0.0000,0.0000,0.0000,0.0000,0.0000,0.0000,0.0000,0.0000,0.0000,0.0000,0.0000,0.0000,0.0000,0.0000,0.0000,0.0000,0.0000,0.0000,0.0000,0.0000,0.0000,0.0000,0.0000,0.0000
Housing Development,0.0000,0.0000,0.0000,0.0000,0.0000,0.0000,0.0000,0.0000,0.0001,0.0000,0.0000,0.0000,0.0000,0.0000,0.0000,0.0000,0.0000,0.0000,0.0000,0.0000,0.0000,0.0000,0.0001,0.0000
Ice Cream Shop,0.0000,0.0000,0.0007,0.0003,0.0000,0.0000,0.0004,0.0006,0.0003,0.0003,0.0004,0.0000,0.0000,0.0000,0.0000,0.0003,0.0000,0.0002,0.0004,0.0007,0.0007,0.0006,0.0007,0.0000
Indian Restaurant,0.0007,0.0000,0.0000,0.0002,0.0003,0.0028,0.0064,0.0022,0.0014,0.0023,0.0033,0.0015,0.0006,0.0029,0.0000,0.0003,0.0005,0.0026,0.0058,0.0028,0.0016,0.0040,0.0026,0.0017
Indie Movie Theater,0.0000,0.0000,0.0000,0.0000,0.0001,0.0003,0.0002,0.0003,0.0001,0.0001,0.0004,0.0001,0.0000,0.0000,0.0000,0.0000,0.0004,0.0003,0.0004,0.0002,0.0004,0.0007,0.0005,0.0000
Indie Theater,0.0000,0.0000,0.0000,0.0000,0.0000,0.0001,0.0000,0.0001,0.0001,0.0001,0.0000,0.0001,0.0000,0.0000,0.0000,0.0000,0.0000,0.0000,0.0001,0.0001,0.0001,0.0001,0.0001,0.0000
Indonesian Restaurant,0.0000,0.0000,0.0000,0.0000,0.0000,0.0002,0.0000,0.0001,0.0000,0.0000,0.0000,0.0000,0.0000,0.0000,0.0000,0.0000,0.0000,0.0000,0.0001,0.0000,0.0000,0.0001,0.0000,0.0000
Internet Cafe,0.0015,0.0344,0.0014,0.0003,0.0002,0.0005,0.0001,0.0004,0.0002,0.0005,0.0005,0.0009,0.0031,0.0000,0.0010,0.0036,0.0009,0.0003,0.0004,0.0004,0.0003,0.0003,0.0005,0.0016
Italian Restaurant,0.0026,0.0053,0.0000,0.0004,0.0001,0.0025,0.0055,0.0036,0.0014,0.0024,0.0038,0.0021,0.0013,0.0000,0.0010,0.0015,0.0000,0.0027,0.0062,0.0032,0.0033,0.0065,0.0067,0.0044
Japanese Restaurant,0.0161,0.0159,0.0047,0.0037,0.0031,0.0168,0.0360,0.0132,0.0077,0.0188,0.0227,0.0182,0.0219,0.0413,0.0088,0.0088,0.0073,0.0090,0.0224,0.0119,0.0127,0.0265,0.0278,0.0191
Jazz Club,0.0000,0.0000,0.0000,0.0009,0.0000,0.0000,0.0000,0.0001,0.0002,0.0002,0.0006,0.0003,0.0006,0.0000,0.0010,0.0000,0.0000,0.0000,0.0001,0.0000,0.0002,0.0003,0.0006,0.0011
Jewelry Store,0.0000,0.0000,0.0000,0.0000,0.0000,0.0000,0.0001,0.0001,0.0002,0.0001,0.0000,0.0000,0.0000,0.0000,0.0000,0.0000,0.0000,0.0002,0.0002,0.0005,0.0003,0.0004,0.0001,0.0000
Juice Bar,0.0000,0.0000,0.0000,0.0008,0.0000,0.0001,0.0002,0.0003,0.0000,0.0003,0.0002,0.0000,0.0000,0.0000,0.0000,0.0006,0.0001,0.0002,0.0002,0.0001,0.0003,0.0005,0.0005,0.0003
Karaoke Bar,0.0026,0.0079,0.0014,0.0024,0.0019,0.0010,0.0015,0.0026,0.0016,0.0007,0.0015,0.0018,0.0063,0.0236,0.0019,0.0009,0.0012,0.0021,0.0025,0.0034,0.0025,0.0021,0.0040,0.0062
Kids Store,0.0000,0.0000,0.0000,0.0000,0.0000,0.0000,0.0000,0.0000,0.0001,0.0002,0.0004,0.0002,0.0000,0.0000,0.0000,0.0000,0.0000,0.0001,0.0003,0.0006,0.0007,0.0004,0.0006,0.0002
Korean Restaurant,0.0004,0.0000,0.0000,0.0000,0.0001,0.0004,0.0013,0.0003,0.0004,0.0007,0.0012,0.0006,0.0006,0.0000,0.0000,0.0000,0.0000,0.0002,0.0006,0.0003,0.0005,0.0014,0.0015,0.0008
Lake,0.0000,0.0000,0.0095,0.0010,0.0003,0.0004,0.0005,0.0004,0.0003,0.0001,0.0000,0.0001,0.0006,0.0000,0.0000,0.0027,0.0012,0.0006,0.0006,0.0010,0.0004,0.0002,0.0002,0.0000
Latin American Restaurant,0.0000,0.0000,0.0000,0.0000,0.0000,0.0000,0.0000,0.0000,0.0000,0.0000,0.0000,0.0000,0.0000,0.0000,0.0000,0.0000,0.0000,0.0000,0.0000,0.0000,0.0000,0.0000,0.0000,0.0000
Laundry Service,0.0000,0.0000,0.0054,0.0008,0.0001,0.0004,0.0003,0.0004,0.0002,0.0005,0.0004,0.0004,0.0006,0.0029,0.0010,0.0015,0.0013,0.0009,0.0010,0.0007,0.0007,0.0010,0.0006,0.0003
Law School,0.0000,0.0000,0.0000,0.0000,0.0000,0.0006,0.0000,0.0000,0.0000,0.0000,0.0000,0.0003,0.0000,0.0000,0.0000,0.0000,0.0000,0.0002,0.0000,0.0000,0.0000,0.0000,0.0000,0.0000
Library,0.0007,0.0026,0.0007,0.0002,0.0005,0.0027,0.0021,0.0013,0.0008,0.0008,0.0004,0.0007,0.0000,0.0000,0.0000,0.0006,0.0025,0.0037,0.0023,0.0030,0.0015,0.0008,0.0007,0.0000
Light Rail,0.0019,0.0053,0.0054,0.0150,0.0077,0.0061,0.0068,0.0089,0.0103,0.0053,0.0029,0.0042,0.0006,0.0029,0.0214,0.0121,0.0131,0.0102,0.0097,0.0094,0.0092,0.0059,0.0038,0.0048
Lingerie Store,0.0000,0.0000,0.0000,0.0000,0.0000,0.0000,0.0000,0.0001,0.0000,0.0000,0.0000,0.0000,0.0000,0.0000,0.0000,0.0000,0.0000,0.0000,0.0000,0.0000,0.0002,0.0000,0.0000,0.0000
Liquor Store,0.0004,0.0000,0.0000,0.0000,0.0002,0.0008,0.0004,0.0008,0.0004,0.0008,0.0007,0.0005,0.0006,0.0000,0.0010,0.0000,0.0001,0.0006,0.0007,0.0010,0.0010,0.0013,0.0004,0.0000
Lounge,0.0000,0.0000,0.0000,0.0000,0.0000,0.0000,0.0000,0.0000,0.0000,0.0000,0.0002,0.0005,0.0006,0.0000,0.0000,0.0000,0.0000,0.0000,0.0001,0.0000,0.0003,0.0001,0.0001,0.0002
Malaysian Restaurant,0.0000,0.0000,0.0000,0.0000,0.0000,0.0001,0.0000,0.0000,0.0000,0.0000,0.0000,0.0000,0.0000,0.0000,0.0000,0.0000,0.0000,0.0000,0.0000,0.0000,0.0000,0.0000,0.0000,0.0000
Mall,0.0247,0.0132,0.0149,0.0115,0.0132,0.0173,0.0207,0.0228,0.0265,0.0228,0.0195,0.0101,0.0069,0.0147,0.0107,0.0094,0.0124,0.0251,0.0274,0.0283,0.0316,0.0290,0.0212,0.0083
Market,0.0000,0.0000,0.0000,0.0000,0.0000,0.0000,0.0000,0.0000,0.0000,0.0000,0.0000,0.0000,0.0000,0.0000,0.0000,0.0003,0.0000,0.0001,0.0000,0.0000,0.0000,0.0000,0.0000,0.0000
Martial Arts Dojo,0.0000,0.0000,0.0000,0.0000,0.0000,0.0000,0.0000,0.0000,0.0001,0.0000,0.0001,0.0000,0.0000,0.0000,0.0000,0.0000,0.0000,0.0000,0.0001,0.0000,0.0001,0.0001,0.0000,0.0000
Medical Center,0.0000,0.0000,0.0000,0.0001,0.0005,0.0012,0.0006,0.0011,0.0004,0.0006,0.0004,0.0000,0.0000,0.0000,0.0000,0.0000,0.0007,0.0014,0.0010,0.0009,0.0007,0.0003,0.0000,0.0000
Medical School,0.0004,0.0000,0.0020,0.0000,0.0002,0.0007,0.0002,0.0000,0.0001,0.0001,0.0001,0.0002,0.0000,0.0000,0.0000,0.0000,0.0001,0.0001,0.0002,0.0000,0.0001,0.0001,0.0000,0.0000
Mediterranean Restaurant,0.0000,0.0000,0.0000,0.0000,0.0000,0.0000,0.0000,0.0000,0.0000,0.0000,0.0000,0.0001,0.0000,0.0000,0.0000,0.0000,0.0000,0.0000,0.0001,0.0000,0.0000,0.0000,0.0000,0.0000
Meeting Room,0.0000,0.0000,0.0014,0.0000,0.0002,0.0003,0.0006,0.0004,0.0003,0.0001,0.0001,0.0000,0.0000,0.0000,0.0000,0.0000,0.0009,0.0007,0.0003,0.0002,0.0002,0.0001,0.0000,0.0000
Men's Store,0.0000,0.0000,0.0000,0.0002,0.0000,0.0003,0.0001,0.0005,0.0005,0.0004,0.0004,0.0000,0.0000,0.0000,0.0000,0.0000,0.0000,0.0003,0.0004,0.0008,0.0010,0.0009,0.0005,0.0000
Mexican Restaurant,0.0000,0.0000,0.0000,0.0000,0.0000,0.0002,0.0001,0.0000,0.0001,0.0001,0.0001,0.0000,0.0000,0.0000,0.0000,0.0000,0.0000,0.0000,0.0001,0.0001,0.0001,0.0005,0.0001,0.0002
Middle Eastern Restaurant,0.0000,0.0000,0.0000,0.0000,0.0000,0.0000,0.0001,0.0002,0.0002,0.0001,0.0000,0.0000,0.0000,0.0000,0.0000,0.0000,0.0000,0.0001,0.0001,0.0001,0.0002,0.0004,0.0002,0.0000
Middle School,0.0004,0.0000,0.0007,0.0002,0.0002,0.0001,0.0000,0.0001,0.0001,0.0001,0.0002,0.0001,0.0000,0.0000,0.0000,0.0003,0.0004,0.0002,0.0002,0.0000,0.0000,0.0003,0.0000,0.0000
Military Base,0.0019,0.0026,0.0034,0.0002,0.0010,0.0007,0.0006,0.0009,0.0014,0.0006,0.0004,0.0006,0.0006,0.0059,0.0029,0.0006,0.0005,0.0002,0.0003,0.0003,0.0003,0.0003,0.0005,0.0003
Miscellaneous Shop,0.0090,0.0079,0.0020,0.0019,0.0035,0.0057,0.0080,0.0071,0.0104,0.0100,0.0082,0.0049,0.0094,0.0118,0.0068,0.0033,0.0018,0.0073,0.0083,0.0112,0.0141,0.0125,0.0068,0.0054
Mobile Phone Shop,0.0004,0.0000,0.0007,0.0003,0.0003,0.0030,0.0030,0.0036,0.0047,0.0040,0.0010,0.0001,0.0000,0.0000,0.0000,0.0000,0.0007,0.0032,0.0040,0.0064,0.0053,0.0061,0.0016,0.0000
Mongolian Restaurant,0.0000,0.0000,0.0000,0.0000,0.0000,0.0000,0.0000,0.0000,0.0000,0.0000,0.0000,0.0000,0.0000,0.0000,0.0000,0.0000,0.0000,0.0000,0.0000,0.0000,0.0000,0.0000,0.0000,0.0000
Monument / Landmark,0.0179,0.0106,0.0047,0.0126,0.0015,0.0032,0.0028,0.0034,0.0026,0.0035,0.0101,0.0210,0.0119,0.0059,0.0126,0.0121,0.0052,0.0042,0.0053,0.0046,0.0053,0.0056,0.0053,0.0089
Mosque,0.0000,0.0000,0.0000,0.0001,0.0000,0.0000,0.0000,0.0000,0.0000,0.0000,0.0000,0.0000,0.0000,0.0000,0.0000,0.0000,0.0001,0.0001,0.0000,0.0000,0.0000,0.0000,0.0000,0.0000
Motel,0.0000,0.0000,0.0000,0.0000,0.0000,0.0000,0.0000,0.0000,0.0001,0.0000,0.0000,0.0001,0.0000,0.0029,0.0000,0.0003,0.0000,0.0001,0.0000,0.0000,0.0000,0.0000,0.0000,0.0002
Mountain,0.0000,0.0000,0.0000,0.0000,0.0002,0.0001,0.0000,0.0000,0.0000,0.0001,0.0000,0.0001,0.0000,0.0000,0.0000,0.0000,0.0000,0.0001,0.0000,0.0001,0.0000,0.0000,0.0000,0.0000
Movie Theater,0.0000,0.0000,0.0000,0.0001,0.0002,0.0008,0.0011,0.0011,0.0012,0.0009,0.0025,0.0006,0.0000,0.0000,0.0000,0.0003,0.0025,0.0020,0.0013,0.0022,0.0020,0.0016,0.0027,0.0010
Moving Target,0.0004,0.0026,0.0000,0.0010,0.0006,0.0005,0.0003,0.0005,0.0007,0.0004,0.0003,0.0002,0.0006,0.0000,0.0010,0.0003,0.0004,0.0013,0.0002,0.0002,0.0002,0.0003,0.0002,0.0002
Multiplex,0.0000,0.0000,0.0000,0.0000,0.0003,0.0015,0.0008,0.0015,0.0012,0.0008,0.0012,0.0011,0.0006,0.0000,0.0000,0.0015,0.0031,0.0026,0.0021,0.0017,0.0014,0.0017,0.0026,0.0013
Museum,0.0000,0.0000,0.0000,0.0000,0.0001,0.0006,0.0005,0.0009,0.0007,0.0002,0.0001,0.0001,0.0000,0.0000,0.0010,0.0006,0.0008,0.0007,0.0016,0.0013,0.0010,0.0004,0.0002,0.0002
Music Store,0.0000,0.0000,0.0000,0.0000,0.0000,0.0003,0.0003,0.0005,0.0007,0.0005,0.0001,0.0000,0.0000,0.0000,0.0000,0.0000,0.0005,0.0007,0.0048,0.0012,0.0011,0.0005,0.0001,0.0002
Music Venue,0.0000,0.0026,0.0014,0.0000,0.0002,0.0013,0.0003,0.0009,0.0008,0.0009,0.0007,0.0008,0.0013,0.0000,0.0010,0.0003,0.0005,0.0028,0.0030,0.0012,0.0019,0.0020,0.0012,0.0010
Nail Salon,0.0000,0.0000,0.0000,0.0000,0.0000,0.0000,0.0000,0.0000,0.0000,0.0000,0.0000,0.0001,0.0000,0.0000,0.0000,0.0000,0.0000,0.0000,0.0001,0.0001,0.0000,0.0001,0.0000,0.0000
Neighborhood,0.0007,0.0000,0.0007,0.0009,0.0009,0.0008,0.0014,0.0013,0.0020,0.0026,0.0013,0.0013,0.0019,0.0088,0.0010,0.0006,0.0010,0.0022,0.0017,0.0022,0.0019,0.0019,0.0010,0.0006
New American Restaurant,0.0000,0.0000,0.0000,0.0000,0.0000,0.0000,0.0000,0.0000,0.0000,0.0000,0.0000,0.0000,0.0000,0.0000,0.0000,0.0000,0.0001,0.0000,0.0001,0.0000,0.0001,0.0000,0.0002,0.0000
Newsstand,0.0000,0.0000,0.0000,0.0004,0.0000,0.0000,0.0000,0.0000,0.0000,0.0000,0.0000,0.0000,0.0000,0.0000,0.0000,0.0000,0.0001,0.0001,0.0000,0.0001,0.0001,0.0000,0.0000,0.0000
Nightclub,0.0011,0.0079,0.0007,0.0000,0.0000,0.0002,0.0001,0.0003,0.0003,0.0006,0.0008,0.0011,0.0088,0.0177,0.0049,0.0006,0.0004,0.0004,0.0009,0.0013,0.0012,0.0010,0.0004,0.0035
Nightlife Spot,0.0000,0.0000,0.0000,0.0000,0.0000,0.0000,0.0000,0.0000,0.0001,0.0000,0.0001,0.0000,0.0000,0.0000,0.0000,0.0000,0.0000,0.0001,0.0000,0.0000,0.0000,0.0000,0.0000,0.0002
Non-Profit,0.0000,0.0026,0.0000,0.0000,0.0000,0.0001,0.0000,0.0000,0.0000,0.0000,0.0000,0.0000,0.0000,0.0000,0.0000,0.0000,0.0004,0.0000,0.0001,0.0000,0.0000,0.0001,0.0000,0.0000
Nursery School,0.0007,0.0000,0.0000,0.0001,0.0004,0.0001,0.0001,0.0001,0.0001,0.0000,0.0000,0.0000,0.0000,0.0000,0.0000,0.0000,0.0001,0.0002,0.0001,0.0000,0.0000,0.0001,0.0000,0.0000
Office,0.0049,0.0291,0.0061,0.0094,0.0270,0.0254,0.0196,0.0167,0.0109,0.0082,0.0059,0.0054,0.0019,0.0177,0.0019,0.0064,0.0085,0.0058,0.0062,0.0046,0.0048,0.0036,0.0031,0.0051
Opera House,0.0000,0.0000,0.0000,0.0000,0.0000,0.0001,0.0000,0.0000,0.0000,0.0000,0.0000,0.0000,0.0000,0.0000,0.0000,0.0000,0.0000,0.0002,0.0000,0.0000,0.0000,0.0001,0.0000,0.0000
Optical Shop,0.0000,0.0000,0.0000,0.0006,0.0000,0.0003,0.0005,0.0005,0.0003,0.0005,0.0002,0.0001,0.0000,0.0000,0.0000,0.0003,0.0000,0.0003,0.0004,0.0008,0.0009,0.0010,0.0004,0.0000
Other Great Outdoors,0.0067,0.0212,0.0285,0.0155,0.0017,0.0038,0.0020,0.0027,0.0035,0.0018,0.0015,0.0017,0.0025,0.0118,0.0117,0.0055,0.0038,0.0034,0.0035,0.0034,0.0025,0.0027,0.0020,0.0011
Other Nightlife,0.0000,0.0053,0.0000,0.0012,0.0001,0.0000,0.0005,0.0003,0.0006,0.0010,0.0021,0.0013,0.0025,0.0059,0.0000,0.0015,0.0005,0.0002,0.0002,0.0002,0.0011,0.0016,0.0023,0.0013
Outdoors & Recreation,0.0000,0.0000,0.0000,0.0000,0.0000,0.0000,0.0001,0.0000,0.0002,0.0000,0.0000,0.0001,0.0000,0.0000,0.0000,0.0000,0.0000,0.0008,0.0001,0.0001,0.0002,0.0001,0.0000,0.0000
Paella Restaurant,0.0000,0.0000,0.0000,0.0000,0.0000,0.0000,0.0001,0.0000,0.0000,0.0000,0.0000,0.0000,0.0000,0.0000,0.0000,0.0000,0.0000,0.0000,0.0001,0.0000,0.0001,0.0000,0.0000,0.0000
Paintball Field,0.0000,0.0000,0.0000,0.0000,0.0000,0.0000,0.0000,0.0000,0.0000,0.0000,0.0000,0.0000,0.0000,0.0000,0.0000,0.0000,0.0000,0.0000,0.0000,0.0000,0.0000,0.0000,0.0000,0.0000
Paper / Office Supplies Store,0.0000,0.0000,0.0007,0.0000,0.0001,0.0007,0.0004,0.0010,0.0007,0.0005,0.0001,0.0000,0.0000,0.0000,0.0010,0.0003,0.0000,0.0008,0.0008,0.0013,0.0009,0.0008,0.0002,0.0002
Park,0.0138,0.0212,0.0237,0.0165,0.0119,0.0083,0.0136,0.0085,0.0082,0.0068,0.0071,0.0062,0.0094,0.0383,0.0097,0.0191,0.0162,0.0123,0.0111,0.0128,0.0093,0.0049,0.0059,0.0062
Parking,0.0011,0.0000,0.0027,0.0034,0.0051,0.0017,0.0016,0.0018,0.0012,0.0012,0.0022,0.0023,0.0025,0.0029,0.0039,0.0048,0.0047,0.0024,0.0016,0.0021,0.0014,0.0018,0.0017,0.0027
Performing Arts Venue,0.0000,0.0000,0.0000,0.0000,0.0003,0.0000,0.0002,0.0007,0.0004,0.0004,0.0002,0.0002,0.0000,0.0000,0.0000,0.0000,0.0003,0.0006,0.0007,0.0005,0.0005,0.0004,0.0000,0.0002
Peruvian Restaurant,0.0000,0.0000,0.0000,0.0000,0.0000,0.0000,0.0000,0.0000,0.0000,0.0000,0.0000,0.0000,0.0000,0.0000,0.0000,0.0000,0.0000,0.0001,0.0000,0.0000,0.0000,0.0000,0.0000,0.0000
Pet Service,0.0000,0.0000,0.0000,0.0001,0.0000,0.0000,0.0000,0.0000,0.0000,0.0000,0.0000,0.0000,0.0000,0.0000,0.0000,0.0003,0.0000,0.0000,0.0000,0.0000,0.0000,0.0000,0.0000,0.0000
Pet Store,0.0000,0.0000,0.0000,0.0000,0.0000,0.0000,0.0000,0.0003,0.0001,0.0001,0.0001,0.0000,0.0000,0.0000,0.0000,0.0000,0.0003,0.0002,0.0002,0.0003,0.0004,0.0008,0.0002,0.0000
Photography Lab,0.0000,0.0000,0.0000,0.0000,0.0000,0.0001,0.0000,0.0000,0.0000,0.0001,0.0000,0.0000,0.0000,0.0000,0.0000,0.0000,0.0000,0.0000,0.0001,0.0001,0.0001,0.0001,0.0003,0.0000
Piano Bar,0.0000,0.0000,0.0000,0.0000,0.0000,0.0000,0.0000,0.0000,0.0000,0.0000,0.0000,0.0000,0.0000,0.0000,0.0000,0.0000,0.0000,0.0000,0.0001,0.0000,0.0000,0.0001,0.0000,0.0000
Pier,0.0000,0.0000,0.0000,0.0003,0.0000,0.0001,0.0003,0.0002,0.0001,0.0000,0.0000,0.0000,0.0000,0.0000,0.0000,0.0003,0.0005,0.0002,0.0002,0.0002,0.0002,0.0002,0.0001,0.0000
Pizza Place,0.0011,0.0026,0.0007,0.0000,0.0000,0.0004,0.0016,0.0011,0.0004,0.0007,0.0017,0.0014,0.0025,0.0000,0.0010,0.0000,0.0003,0.0005,0.0008,0.0006,0.0006,0.0013,0.0020,0.0017
Plane,0.0000,0.0000,0.0000,0.0001,0.0000,0.0000,0.0000,0.0000,0.0000,0.0000,0.0000,0.0000,0.0000,0.0000,0.0000,0.0000,0.0000,0.0000,0.0000,0.0000,0.0000,0.0000,0.0000,0.0000
Planetarium,0.0000,0.0000,0.0000,0.0000,0.0001,0.0002,0.0000,0.0000,0.0000,0.0000,0.0001,0.0000,0.0000,0.0000,0.0000,0.0000,0.0000,0.0001,0.0000,0.0003,0.0002,0.0002,0.0000,0.0000
Platform,0.0075,0.0026,0.0115,0.0181,0.0244,0.0130,0.0126,0.0192,0.0205,0.0188,0.0188,0.0231,0.0081,0.0029,0.0156,0.0148,0.0191,0.0137,0.0114,0.0121,0.0125,0.0143,0.0152,0.0211
Playground,0.0015,0.0026,0.0014,0.0027,0.0006,0.0040,0.0012,0.0024,0.0009,0.0007,0.0017,0.0020,0.0013,0.0088,0.0019,0.0015,0.0013,0.0024,0.0017,0.0021,0.0017,0.0010,0.0014,0.0017
Plaza,0.0011,0.0000,0.0007,0.0008,0.0019,0.0084,0.0025,0.0034,0.0038,0.0032,0.0024,0.0013,0.0013,0.0029,0.0010,0.0015,0.0031,0.0048,0.0033,0.0035,0.0030,0.0018,0.0024,0.0011
Police Station,0.0015,0.0000,0.0000,0.0006,0.0006,0.0065,0.0011,0.0009,0.0006,0.0008,0.0004,0.0010,0.0019,0.0029,0.0000,0.0009,0.0012,0.0020,0.0011,0.0009,0.0007,0.0006,0.0007,0.0000
Pool,0.0000,0.0000,0.0000,0.0001,0.0000,0.0002,0.0000,0.0000,0.0003,0.0004,0.0003,0.0000,0.0006,0.0000,0.0000,0.0000,0.0001,0.0002,0.0001,0.0002,0.0002,0.0003,0.0002,0.0002
Pool Hall,0.0000,0.0000,0.0000,0.0000,0.0000,0.0000,0.0000,0.0000,0.0000,0.0001,0.0001,0.0005,0.0000,0.0000,0.0000,0.0000,0.0000,0.0002,0.0001,0.0001,0.0003,0.0002,0.0000,0.0002
Portuguese Restaurant,0.0000,0.0000,0.0000,0.0000,0.0000,0.0000,0.0000,0.0000,0.0000,0.0000,0.0000,0.0000,0.0000,0.0000,0.0000,0.0000,0.0000,0.0000,0.0000,0.0000,0.0000,0.0000,0.0000,0.0000
Post Office,0.0015,0.0053,0.0014,0.0005,0.0011,0.0043,0.0038,0.0051,0.0029,0.0018,0.0017,0.0019,0.0056,0.0088,0.0010,0.0009,0.0020,0.0019,0.0012,0.0014,0.0021,0.0015,0.0010,0.0016
Professional & Other Places,0.0000,0.0000,0.0000,0.0003,0.0000,0.0003,0.0001,0.0002,0.0001,0.0000,0.0000,0.0001,0.0000,0.0000,0.0010,0.0003,0.0000,0.0002,0.0001,0.0002,0.0000,0.0001,0.0001,0.0000
Pub,0.0034,0.0000,0.0000,0.0000,0.0002,0.0002,0.0011,0.0012,0.0016,0.0031,0.0024,0.0028,0.0081,0.0059,0.0000,0.0006,0.0001,0.0001,0.0010,0.0013,0.0040,0.0059,0.0066,0.0048
Public Art,0.0015,0.0000,0.0000,0.0000,0.0000,0.0000,0.0000,0.0000,0.0001,0.0000,0.0000,0.0002,0.0000,0.0000,0.0000,0.0000,0.0000,0.0000,0.0000,0.0000,0.0001,0.0001,0.0000,0.0000
Racetrack,0.0011,0.0000,0.0000,0.0001,0.0001,0.0003,0.0002,0.0006,0.0001,0.0002,0.0001,0.0003,0.0000,0.0000,0.0000,0.0012,0.0005,0.0012,0.0017,0.0011,0.0005,0.0002,0.0002,0.0002
Radio Station,0.0000,0.0000,0.0000,0.0001,0.0000,0.0000,0.0001,0.0001,0.0002,0.0000,0.0000,0.0000,0.0000,0.0000,0.0000,0.0000,0.0000,0.0000,0.0000,0.0000,0.0001,0.0001,0.0000,0.0002
Ramen /  Noodle House,0.0194,0.0291,0.0081,0.0054,0.0033,0.0193,0.0433,0.0179,0.0100,0.0159,0.0258,0.0193,0.0244,0.0354,0.0165,0.0076,0.0039,0.0146,0.0280,0.0162,0.0106,0.0183,0.0267,0.0179
Ramen / Noodle House,0.0000,0.0000,0.0000,0.0000,0.0000,0.0000,0.0000,0.0000,0.0000,0.0000,0.0000,0.0001,0.0000,0.0000,0.0000,0.0000,0.0000,0.0000,0.0000,0.0000,0.0000,0.0000,0.0000,0.0000
Real Estate Office,0.0000,0.0000,0.0000,0.0000,0.0000,0.0002,0.0000,0.0000,0.0001,0.0000,0.0000,0.0000,0.0000,0.0000,0.0000,0.0000,0.0000,0.0000,0.0000,0.0000,0.0000,0.0000,0.0000,0.0000
Record Shop,0.0004,0.0000,0.0000,0.0001,0.0000,0.0013,0.0022,0.0032,0.0035,0.0030,0.0023,0.0005,0.0000,0.0000,0.0000,0.0000,0.0001,0.0024,0.0027,0.0023,0.0045,0.0036,0.0023,0.0005
Recycling Facility,0.0000,0.0000,0.0000,0.0000,0.0000,0.0000,0.0003,0.0004,0.0004,0.0002,0.0001,0.0001,0.0006,0.0000,0.0000,0.0000,0.0000,0.0002,0.0004,0.0005,0.0007,0.0003,0.0000,0.0000
Rental Car Location,0.0000,0.0000,0.0000,0.0001,0.0000,0.0000,0.0001,0.0001,0.0001,0.0001,0.0001,0.0000,0.0000,0.0000,0.0019,0.0000,0.0003,0.0002,0.0000,0.0000,0.0000,0.0002,0.0000,0.0002
Residential Building (Apartment / Condo),0.0034,0.0053,0.0014,0.0003,0.0007,0.0003,0.0004,0.0005,0.0004,0.0005,0.0013,0.0016,0.0019,0.0000,0.0000,0.0000,0.0001,0.0005,0.0007,0.0006,0.0005,0.0004,0.0005,0.0008
Resort,0.0004,0.0000,0.0007,0.0001,0.0003,0.0004,0.0000,0.0002,0.0001,0.0002,0.0001,0.0000,0.0013,0.0000,0.0000,0.0006,0.0010,0.0005,0.0000,0.0004,0.0002,0.0001,0.0005,0.0002
Rest Area,0.0000,0.0053,0.0014,0.0002,0.0006,0.0005,0.0003,0.0006,0.0003,0.0003,0.0005,0.0001,0.0019,0.0029,0.0049,0.0012,0.0012,0.0005,0.0007,0.0002,0.0003,0.0002,0.0006,0.0002
Restaurant,0.0041,0.0053,0.0007,0.0008,0.0008,0.0025,0.0057,0.0022,0.0021,0.0024,0.0038,0.0025,0.0050,0.0029,0.0058,0.0036,0.0012,0.0024,0.0046,0.0039,0.0035,0.0055,0.0077,0.0048
River,0.0004,0.0000,0.0000,0.0080,0.0026,0.0003,0.0002,0.0004,0.0021,0.0028,0.0007,0.0007,0.0000,0.0000,0.0010,0.0021,0.0010,0.0029,0.0004,0.0018,0.0010,0.0004,0.0008,0.0010
Road,0.0639,0.0794,0.0366,0.0245,0.0251,0.0167,0.0114,0.0147,0.0183,0.0165,0.0198,0.0215,0.0507,0.0855,0.0350,0.0164,0.0214,0.0140,0.0139,0.0120,0.0128,0.0178,0.0182,0.0194
Rock Climbing Spot,0.0000,0.0000,0.0000,0.0000,0.0000,0.0000,0.0000,0.0000,0.0000,0.0000,0.0000,0.0000,0.0000,0.0000,0.0000,0.0000,0.0000,0.0000,0.0000,0.0000,0.0000,0.0000,0.0000,0.0000
Rock Club,0.0007,0.0000,0.0000,0.0000,0.0000,0.0004,0.0003,0.0005,0.0009,0.0009,0.0004,0.0005,0.0025,0.0000,0.0010,0.0009,0.0001,0.0027,0.0021,0.0018,0.0027,0.0023,0.0010,0.0014
Sake Bar,0.0045,0.0053,0.0000,0.0001,0.0003,0.0024,0.0045,0.0015,0.0030,0.0071,0.0085,0.0064,0.0069,0.0059,0.0019,0.0006,0.0005,0.0007,0.0017,0.0025,0.0064,0.0119,0.0170,0.0103
Salad Place,0.0000,0.0000,0.0000,0.0000,0.0000,0.0000,0.0000,0.0000,0.0000,0.0000,0.0000,0.0000,0.0000,0.0000,0.0000,0.0000,0.0000,0.0000,0.0000,0.0000,0.0000,0.0000,0.0000,0.0000
Salon / Barbershop,0.0004,0.0026,0.0007,0.0002,0.0001,0.0018,0.0007,0.0012,0.0011,0.0008,0.0003,0.0001,0.0006,0.0029,0.0000,0.0000,0.0005,0.0025,0.0019,0.0018,0.0015,0.0013,0.0004,0.0003
Sandwich Place,0.0000,0.0000,0.0000,0.0003,0.0004,0.0004,0.0021,0.0005,0.0005,0.0004,0.0006,0.0001,0.0000,0.0000,0.0000,0.0003,0.0001,0.0009,0.0010,0.0007,0.0007,0.0004,0.0004,0.0000
Scandinavian Restaurant,0.0000,0.0000,0.0000,0.0000,0.0000,0.0000,0.0000,0.0000,0.0001,0.0000,0.0000,0.0000,0.0000,0.0000,0.0000,0.0000,0.0000,0.0002,0.0000,0.0001,0.0000,0.0001,0.0000,0.0000
Scenic Lookout,0.0000,0.0053,0.0054,0.0035,0.0006,0.0012,0.0009,0.0011,0.0010,0.0008,0.0007,0.0004,0.0006,0.0029,0.0019,0.0030,0.0013,0.0015,0.0016,0.0014,0.0013,0.0013,0.0012,0.0002
School,0.0011,0.0000,0.0000,0.0001,0.0007,0.0005,0.0011,0.0007,0.0009,0.0004,0.0003,0.0003,0.0013,0.0029,0.0000,0.0000,0.0014,0.0013,0.0012,0.0006,0.0004,0.0005,0.0002,0.0002
Science Museum,0.0000,0.0000,0.0000,0.0003,0.0000,0.0008,0.0017,0.0010,0.0004,0.0008,0.0001,0.0003,0.0000,0.0000,0.0000,0.0003,0.0014,0.0007,0.0013,0.0012,0.0003,0.0000,0.0000,0.0000
Sculpture Garden,0.0019,0.0000,0.0047,0.0031,0.0007,0.0012,0.0006,0.0005,0.0007,0.0009,0.0011,0.0009,0.0044,0.0000,0.0019,0.0021,0.0028,0.0024,0.0007,0.0011,0.0009,0.0010,0.0016,0.0027
Seafood Restaurant,0.0000,0.0000,0.0000,0.0001,0.0000,0.0006,0.0008,0.0000,0.0004,0.0008,0.0010,0.0002,0.0000,0.0000,0.0000,0.0000,0.0000,0.0002,0.0003,0.0004,0.0005,0.0012,0.0008,0.0005
Shoe Store,0.0004,0.0000,0.0000,0.0001,0.0001,0.0001,0.0002,0.0008,0.0007,0.0010,0.0013,0.0003,0.0000,0.0000,0.0000,0.0003,0.0000,0.0005,0.0005,0.0009,0.0010,0.0010,0.0011,0.0002
Shop & Service,0.0004,0.0000,0.0000,0.0003,0.0001,0.0003,0.0002,0.0005,0.0005,0.0004,0.0002,0.0001,0.0000,0.0000,0.0000,0.0006,0.0000,0.0002,0.0004,0.0010,0.0004,0.0006,0.0002,0.0003
Shrine,0.0149,0.0423,0.0380,0.0041,0.0027,0.0051,0.0048,0.0052,0.0046,0.0024,0.0014,0.0032,0.0088,0.0118,0.0185,0.0042,0.0039,0.0046,0.0064,0.0080,0.0049,0.0028,0.0021,0.0025
Skate Park,0.0000,0.0000,0.0000,0.0000,0.0000,0.0000,0.0000,0.0000,0.0000,0.0000,0.0000,0.0000,0.0000,0.0000,0.0000,0.0000,0.0000,0.0000,0.0000,0.0000,0.0000,0.0000,0.0001,0.0000
Skating Rink,0.0000,0.0000,0.0000,0.0000,0.0000,0.0000,0.0000,0.0000,0.0000,0.0000,0.0000,0.0001,0.0000,0.0000,0.0000,0.0000,0.0000,0.0000,0.0002,0.0001,0.0000,0.0000,0.0000,0.0000
Smoke Shop,0.0007,0.0000,0.0000,0.0004,0.0025,0.0069,0.0025,0.0021,0.0015,0.0016,0.0013,0.0030,0.0013,0.0000,0.0000,0.0009,0.0012,0.0007,0.0012,0.0011,0.0014,0.0014,0.0008,0.0016
Snack Place,0.0000,0.0000,0.0000,0.0000,0.0000,0.0001,0.0004,0.0004,0.0002,0.0002,0.0002,0.0000,0.0000,0.0000,0.0000,0.0003,0.0001,0.0006,0.0001,0.0005,0.0004,0.0002,0.0002,0.0002
Soccer Field,0.0000,0.0000,0.0000,0.0000,0.0000,0.0002,0.0000,0.0001,0.0001,0.0001,0.0001,0.0001,0.0000,0.0000,0.0000,0.0000,0.0003,0.0002,0.0004,0.0003,0.0002,0.0001,0.0000,0.0003
Soccer Stadium,0.0000,0.0000,0.0000,0.0000,0.0001,0.0004,0.0001,0.0001,0.0002,0.0003,0.0007,0.0003,0.0000,0.0000,0.0000,0.0000,0.0008,0.0013,0.0015,0.0016,0.0018,0.0008,0.0002,0.0000
Sorority House,0.0000,0.0000,0.0000,0.0000,0.0000,0.0000,0.0000,0.0000,0.0000,0.0000,0.0000,0.0001,0.0000,0.0000,0.0000,0.0000,0.0000,0.0000,0.0001,0.0000,0.0000,0.0000,0.0000,0.0002
Soup Place,0.0000,0.0000,0.0000,0.0004,0.0002,0.0003,0.0005,0.0003,0.0003,0.0001,0.0001,0.0000,0.0000,0.0000,0.0010,0.0003,0.0001,0.0004,0.0005,0.0004,0.0004,0.0003,0.0003,0.0003
South American Restaurant,0.0000,0.0000,0.0000,0.0000,0.0000,0.0000,0.0000,0.0000,0.0000,0.0000,0.0000,0.0000,0.0000,0.0000,0.0000,0.0000,0.0000,0.0000,0.0000,0.0000,0.0000,0.0001,0.0000,0.0000
Spa / Massage,0.0026,0.0000,0.0000,0.0003,0.0002,0.0003,0.0004,0.0006,0.0009,0.0008,0.0013,0.0017,0.0025,0.0029,0.0000,0.0015,0.0007,0.0012,0.0008,0.0012,0.0012,0.0018,0.0018,0.0029
Spanish Restaurant,0.0000,0.0000,0.0000,0.0000,0.0000,0.0000,0.0001,0.0000,0.0001,0.0002,0.0001,0.0002,0.0000,0.0000,0.0000,0.0000,0.0001,0.0002,0.0002,0.0001,0.0001,0.0005,0.0003,0.0002
Speakeasy,0.0011,0.0000,0.0000,0.0000,0.0000,0.0001,0.0000,0.0001,0.0000,0.0001,0.0003,0.0006,0.0006,0.0029,0.0000,0.0003,0.0001,0.0002,0.0001,0.0001,0.0002,0.0003,0.0002,0.0005
Spiritual Center,0.0000,0.0000,0.0007,0.0004,0.0007,0.0003,0.0004,0.0005,0.0006,0.0008,0.0005,0.0004,0.0000,0.0000,0.0000,0.0006,0.0001,0.0007,0.0006,0.0004,0.0003,0.0003,0.0006,0.0000
Sporting Goods Shop,0.0000,0.0000,0.0000,0.0000,0.0001,0.0010,0.0009,0.0017,0.0023,0.0018,0.0003,0.0001,0.0000,0.0000,0.0000,0.0000,0.0009,0.0020,0.0026,0.0039,0.0030,0.0025,0.0007,0.0002
Sports Bar,0.0011,0.0026,0.0000,0.0000,0.0000,0.0000,0.0001,0.0000,0.0001,0.0001,0.0001,0.0006,0.0013,0.0000,0.0000,0.0003,0.0000,0.0000,0.0000,0.0001,0.0001,0.0002,0.0002,0.0003
Stable,0.0000,0.0000,0.0014,0.0000,0.0000,0.0000,0.0000,0.0000,0.0001,0.0000,0.0000,0.0000,0.0000,0.0000,0.0010,0.0000,0.0000,0.0000,0.0000,0.0000,0.0000,0.0001,0.0000,0.0000
Stables,0.0000,0.0000,0.0000,0.0000,0.0000,0.0000,0.0000,0.0000,0.0000,0.0000,0.0000,0.0000,0.0000,0.0000,0.0000,0.0000,0.0000,0.0001,0.0000,0.0000,0.0000,0.0000,0.0000,0.0000
Stadium,0.0004,0.0000,0.0027,0.0006,0.0002,0.0005,0.0020,0.0007,0.0012,0.0013,0.0003,0.0002,0.0000,0.0000,0.0010,0.0015,0.0020,0.0013,0.0017,0.0028,0.0017,0.0004,0.0002,0.0000
Steakhouse,0.0004,0.0026,0.0000,0.0000,0.0000,0.0001,0.0017,0.0006,0.0004,0.0008,0.0011,0.0008,0.0006,0.0000,0.0000,0.0000,0.0001,0.0002,0.0015,0.0010,0.0005,0.0019,0.0015,0.0003
Storage Facility,0.0000,0.0000,0.0000,0.0000,0.0001,0.0000,0.0000,0.0001,0.0001,0.0000,0.0000,0.0000,0.0000,0.0000,0.0000,0.0000,0.0000,0.0000,0.0000,0.0000,0.0000,0.0001,0.0000,0.0000
Strip Club,0.0004,0.0053,0.0007,0.0001,0.0001,0.0003,0.0005,0.0006,0.0004,0.0009,0.0018,0.0006,0.0019,0.0029,0.0000,0.0003,0.0003,0.0009,0.0005,0.0010,0.0007,0.0004,0.0007,0.0002
Student Center,0.0000,0.0000,0.0000,0.0001,0.0002,0.0023,0.0017,0.0018,0.0007,0.0005,0.0005,0.0001,0.0000,0.0000,0.0000,0.0003,0.0004,0.0003,0.0005,0.0001,0.0003,0.0002,0.0003,0.0000
Subway,0.0512,0.0212,0.0455,0.0845,0.1148,0.0948,0.0737,0.0803,0.0792,0.0838,0.0718,0.1005,0.0488,0.0088,0.0652,0.0576,0.0591,0.0564,0.0584,0.0557,0.0564,0.0503,0.0590,0.0718
Sushi Restaurant,0.0007,0.0000,0.0000,0.0001,0.0004,0.0011,0.0032,0.0009,0.0011,0.0016,0.0029,0.0017,0.0006,0.0029,0.0029,0.0006,0.0005,0.0016,0.0021,0.0012,0.0014,0.0036,0.0038,0.0019
Synagogue,0.0000,0.0000,0.0000,0.0000,0.0000,0.0000,0.0000,0.0000,0.0000,0.0000,0.0000,0.0000,0.0000,0.0000,0.0000,0.0000,0.0000,0.0000,0.0000,0.0000,0.0000,0.0000,0.0000,0.0000
Taco Place,0.0000,0.0000,0.0000,0.0000,0.0000,0.0000,0.0000,0.0000,0.0000,0.0000,0.0000,0.0000,0.0000,0.0000,0.0000,0.0000,0.0000,0.0000,0.0000,0.0000,0.0000,0.0001,0.0001,0.0000
Tailor Shop,0.0000,0.0000,0.0000,0.0000,0.0000,0.0000,0.0000,0.0000,0.0000,0.0000,0.0000,0.0000,0.0000,0.0000,0.0000,0.0000,0.0000,0.0000,0.0000,0.0000,0.0000,0.0000,0.0000,0.0000
Tanning Salon,0.0000,0.0000,0.0000,0.0000,0.0000,0.0000,0.0000,0.0002,0.0001,0.0000,0.0000,0.0001,0.0000,0.0000,0.0000,0.0000,0.0001,0.0000,0.0001,0.0000,0.0000,0.0001,0.0002,0.0000
Tapas Restaurant,0.0000,0.0000,0.0000,0.0000,0.0000,0.0001,0.0000,0.0000,0.0000,0.0001,0.0000,0.0000,0.0000,0.0000,0.0000,0.0000,0.0000,0.0000,0.0001,0.0000,0.0000,0.0001,0.0000,0.0000
Taxi,0.0000,0.0000,0.0000,0.0000,0.0003,0.0001,0.0002,0.0002,0.0001,0.0000,0.0000,0.0001,0.0000,0.0000,0.0000,0.0000,0.0000,0.0000,0.0000,0.0000,0.0000,0.0000,0.0000,0.0002
Tea Room,0.0000,0.0000,0.0000,0.0000,0.0000,0.0003,0.0003,0.0004,0.0003,0.0003,0.0003,0.0005,0.0000,0.0000,0.0019,0.0000,0.0000,0.0004,0.0007,0.0006,0.0006,0.0002,0.0004,0.0002
Tech Startup,0.0000,0.0000,0.0000,0.0003,0.0012,0.0029,0.0020,0.0019,0.0018,0.0009,0.0008,0.0001,0.0000,0.0000,0.0019,0.0009,0.0013,0.0022,0.0029,0.0026,0.0028,0.0021,0.0013,0.0005
Temple,0.0034,0.0026,0.0020,0.0010,0.0017,0.0036,0.0040,0.0046,0.0023,0.0009,0.0021,0.0013,0.0013,0.0059,0.0010,0.0045,0.0034,0.0052,0.0060,0.0058,0.0039,0.0022,0.0021,0.0024
Tennis Court,0.0000,0.0000,0.0000,0.0001,0.0000,0.0000,0.0000,0.0000,0.0000,0.0000,0.0001,0.0000,0.0000,0.0000,0.0000,0.0006,0.0000,0.0002,0.0001,0.0000,0.0000,0.0000,0.0000,0.0000
Thai Restaurant,0.0000,0.0000,0.0000,0.0002,0.0000,0.0001,0.0008,0.0003,0.0002,0.0003,0.0004,0.0003,0.0006,0.0000,0.0000,0.0003,0.0000,0.0002,0.0011,0.0002,0.0002,0.0004,0.0010,0.0003
Theater,0.0000,0.0000,0.0000,0.0003,0.0002,0.0018,0.0004,0.0007,0.0007,0.0007,0.0008,0.0005,0.0000,0.0029,0.0000,0.0003,0.0000,0.0008,0.0013,0.0009,0.0010,0.0004,0.0002,0.0003
Theme Park,0.0030,0.0000,0.0020,0.0006,0.0031,0.0089,0.0058,0.0051,0.0040,0.0025,0.0033,0.0011,0.0000,0.0000,0.0029,0.0070,0.0075,0.0095,0.0055,0.0054,0.0054,0.0047,0.0043,0.0008
Theme Park Ride / Attraction,0.0000,0.0000,0.0000,0.0000,0.0000,0.0003,0.0000,0.0000,0.0000,0.0000,0.0000,0.0000,0.0000,0.0000,0.0000,0.0003,0.0000,0.0000,0.0001,0.0000,0.0000,0.0000,0.0000,0.0000
Thrift / Vintage Store,0.0000,0.0000,0.0000,0.0000,0.0000,0.0003,0.0005,0.0004,0.0003,0.0008,0.0000,0.0000,0.0000,0.0000,0.0000,0.0003,0.0000,0.0001,0.0006,0.0006,0.0005,0.0005,0.0001,0.0000
Tourist Information Center,0.0000,0.0000,0.0000,0.0000,0.0000,0.0000,0.0002,0.0001,0.0000,0.0001,0.0001,0.0000,0.0000,0.0000,0.0000,0.0000,0.0000,0.0002,0.0003,0.0000,0.0002,0.0002,0.0001,0.0000
Toy / Game Store,0.0000,0.0000,0.0000,0.0001,0.0001,0.0024,0.0035,0.0052,0.0056,0.0039,0.0023,0.0006,0.0006,0.0000,0.0000,0.0003,0.0008,0.0030,0.0051,0.0063,0.0078,0.0070,0.0024,0.0002
Track,0.0015,0.0026,0.0000,0.0008,0.0000,0.0000,0.0000,0.0001,0.0001,0.0003,0.0002,0.0004,0.0019,0.0000,0.0000,0.0003,0.0000,0.0000,0.0001,0.0000,0.0000,0.0002,0.0000,0.0000
Track Stadium,0.0000,0.0000,0.0000,0.0000,0.0001,0.0003,0.0001,0.0000,0.0003,0.0003,0.0001,0.0001,0.0000,0.0000,0.0000,0.0018,0.0005,0.0006,0.0008,0.0006,0.0002,0.0003,0.0003,0.0000
Trade School,0.0000,0.0000,0.0000,0.0011,0.0007,0.0002,0.0003,0.0002,0.0002,0.0001,0.0002,0.0001,0.0000,0.0000,0.0000,0.0000,0.0000,0.0000,0.0002,0.0001,0.0001,0.0000,0.0000,0.0000
Train,0.0052,0.0000,0.0041,0.0082,0.0170,0.0040,0.0039,0.0057,0.0060,0.0114,0.0090,0.0069,0.0075,0.0000,0.0049,0.0052,0.0050,0.0044,0.0030,0.0030,0.0030,0.0042,0.0034,0.0052
Train Station,0.3358,0.1296,0.4206,0.5014,0.4828,0.3357,0.2830,0.3337,0.3712,0.3844,0.3983,0.4492,0.3777,0.1003,0.4757,0.4718,0.4788,0.4010,0.3280,0.3177,0.3350,0.3301,0.3921,0.4904
Travel & Transport,0.0000,0.0000,0.0000,0.0008,0.0008,0.0004,0.0003,0.0005,0.0005,0.0002,0.0003,0.0002,0.0000,0.0000,0.0000,0.0003,0.0003,0.0004,0.0003,0.0006,0.0007,0.0004,0.0001,0.0003
Travel Agency,0.0000,0.0000,0.0000,0.0000,0.0000,0.0000,0.0000,0.0002,0.0000,0.0000,0.0000,0.0000,0.0000,0.0000,0.0000,0.0000,0.0000,0.0000,0.0000,0.0001,0.0001,0.0001,0.0000,0.0000
Travel Lounge,0.0000,0.0000,0.0000,0.0000,0.0001,0.0007,0.0005,0.0003,0.0001,0.0002,0.0002,0.0002,0.0000,0.0000,0.0000,0.0003,0.0000,0.0006,0.0002,0.0002,0.0002,0.0002,0.0004,0.0000
Turkish Restaurant,0.0000,0.0000,0.0000,0.0000,0.0000,0.0001,0.0000,0.0000,0.0001,0.0000,0.0001,0.0000,0.0000,0.0000,0.0000,0.0000,0.0000,0.0000,0.0001,0.0000,0.0000,0.0001,0.0000,0.0000
University,0.0026,0.0053,0.0027,0.0016,0.0092,0.0140,0.0090,0.0091,0.0063,0.0041,0.0029,0.0028,0.0013,0.0000,0.0000,0.0039,0.0094,0.0038,0.0052,0.0036,0.0021,0.0023,0.0010,0.0011
Vegetarian / Vegan Restaurant,0.0000,0.0000,0.0000,0.0000,0.0000,0.0000,0.0003,0.0000,0.0001,0.0000,0.0000,0.0001,0.0000,0.0000,0.0000,0.0000,0.0000,0.0001,0.0001,0.0000,0.0000,0.0002,0.0000,0.0000
Veterinarian,0.0022,0.0026,0.0007,0.0000,0.0000,0.0003,0.0000,0.0002,0.0001,0.0002,0.0003,0.0033,0.0019,0.0000,0.0000,0.0000,0.0004,0.0003,0.0000,0.0000,0.0003,0.0002,0.0009,0.0017
Video Game Store,0.0000,0.0000,0.0000,0.0000,0.0000,0.0006,0.0006,0.0013,0.0010,0.0008,0.0004,0.0001,0.0000,0.0000,0.0000,0.0000,0.0001,0.0006,0.0008,0.0010,0.0010,0.0013,0.0006,0.0000
Video Store,0.0090,0.0026,0.0014,0.0005,0.0014,0.0067,0.0016,0.0029,0.0033,0.0025,0.0041,0.0062,0.0100,0.0059,0.0000,0.0018,0.0016,0.0035,0.0024,0.0022,0.0024,0.0031,0.0046,0.0035
Vietnamese Restaurant,0.0000,0.0000,0.0000,0.0000,0.0000,0.0001,0.0003,0.0001,0.0001,0.0000,0.0001,0.0000,0.0000,0.0000,0.0000,0.0000,0.0000,0.0000,0.0002,0.0003,0.0000,0.0001,0.0002,0.0000
Vineyard,0.0000,0.0000,0.0000,0.0000,0.0000,0.0000,0.0000,0.0000,0.0000,0.0000,0.0000,0.0000,0.0000,0.0029,0.0000,0.0000,0.0000,0.0000,0.0001,0.0000,0.0000,0.0000,0.0001,0.0000
Water Park,0.0000,0.0000,0.0000,0.0002,0.0000,0.0001,0.0006,0.0000,0.0001,0.0000,0.0000,0.0000,0.0000,0.0000,0.0000,0.0000,0.0003,0.0000,0.0000,0.0001,0.0001,0.0001,0.0002,0.0002
Well,0.0000,0.0000,0.0007,0.0000,0.0000,0.0000,0.0000,0.0000,0.0000,0.0000,0.0000,0.0000,0.0000,0.0000,0.0000,0.0000,0.0000,0.0001,0.0000,0.0000,0.0001,0.0000,0.0000,0.0000
Whisky Bar,0.0007,0.0000,0.0000,0.0000,0.0000,0.0001,0.0000,0.0002,0.0000,0.0001,0.0001,0.0005,0.0000,0.0029,0.0000,0.0000,0.0000,0.0001,0.0000,0.0001,0.0001,0.0000,0.0006,0.0002
Wine Bar,0.0000,0.0026,0.0000,0.0000,0.0000,0.0001,0.0001,0.0000,0.0000,0.0002,0.0006,0.0006,0.0025,0.0029,0.0000,0.0000,0.0000,0.0000,0.0001,0.0001,0.0002,0.0005,0.0002,0.0006
Wine Shop,0.0000,0.0000,0.0000,0.0001,0.0001,0.0000,0.0001,0.0001,0.0000,0.0001,0.0000,0.0001,0.0000,0.0000,0.0000,0.0000,0.0000,0.0001,0.0000,0.0002,0.0002,0.0003,0.0000,0.0000
Winery,0.0000,0.0000,0.0000,0.0000,0.0000,0.0001,0.0002,0.0000,0.0000,0.0000,0.0001,0.0001,0.0000,0.0000,0.0000,0.0000,0.0000,0.0000,0.0000,0.0001,0.0000,0.0001,0.0005,0.0000
Wings Joint,0.0004,0.0026,0.0000,0.0000,0.0000,0.0000,0.0000,0.0001,0.0001,0.0004,0.0004,0.0003,0.0000,0.0000,0.0000,0.0000,0.0001,0.0000,0.0001,0.0001,0.0005,0.0009,0.0006,0.0003
Women's Store,0.0000,0.0000,0.0000,0.0000,0.0000,0.0000,0.0004,0.0009,0.0005,0.0003,0.0005,0.0001,0.0000,0.0000,0.0000,0.0000,0.0000,0.0005,0.0007,0.0006,0.0007,0.0007,0.0002,0.0000
Yoga Studio,0.0000,0.0000,0.0000,0.0000,0.0001,0.0040,0.0011,0.0010,0.0005,0.0000,0.0001,0.0001,0.0000,0.0000,0.0000,0.0000,0.0001,0.0004,0.0004,0.0002,0.0002,0.0001,0.0000,0.0000
Yogurt,0.0000,0.0000,0.0000,0.0000,0.0000,0.0000,0.0000,0.0000,0.0000,0.0000,0.0000,0.0000,0.0000,0.0000,0.0000,0.0000,0.0000,0.0000,0.0000,0.0000,0.0000,0.0000,0.0000,0.0000
Zoo,0.0000,0.0000,0.0000,0.0001,0.0002,0.0013,0.0005,0.0000,0.0001,0.0001,0.0001,0.0001,0.0000,0.0000,0.0000,0.0003,0.0001,0.0007,0.0007,0.0015,0.0002,0.0000,0.0000,0.0003
